attack_cat,label,destination_port,flow_duration,total_fwd_packets,total_backward_packets,total_length_of_fwd_packets,total_length_of_bwd_packets,fwd_packet_length_max,fwd_packet_length_min,fwd_packet_length_mean,fwd_packet_length_std,bwd_packet_length_max,bwd_packet_length_min,bwd_packet_length_mean,bwd_packet_length_std,flow_bytes_s,flow_packets_s,flow_iat_mean,flow_iat_std,flow_iat_max,flow_iat_min,fwd_iat_total,fwd_iat_mean,fwd_iat_std,fwd_iat_max,fwd_iat_min,bwd_iat_total,bwd_iat_mean,bwd_iat_std,bwd_iat_max,bwd_iat_min,fwd_psh_flags,bwd_psh_flags,fwd_urg_flags,bwd_urg_flags,fwd_header_length,bwd_header_length,fwd_packets_s,bwd_packets_s,min_packet_length,max_packet_length,packet_length_mean,packet_length_std,packet_length_variance,fin_flag_count,syn_flag_count,rst_flag_count,psh_flag_count,ack_flag_count,urg_flag_count,cwe_flag_count,ece_flag_count,down_up_ratio,average_packet_size,avg_fwd_segment_size,avg_bwd_segment_size,fwd_header_length.1,fwd_avg_bytes_bulk,fwd_avg_packets_bulk,fwd_avg_bulk_rate,bwd_avg_bytes_bulk,bwd_avg_packets_bulk,bwd_avg_bulk_rate,subflow_fwd_packets,subflow_fwd_bytes,subflow_bwd_packets,subflow_bwd_bytes,init_win_bytes_forward,init_win_bytes_backward,act_data_pkt_fwd,min_seg_size_forward,active_mean,active_std,active_max,active_min,idle_mean,idle_std,idle_max,idle_min
BruteForce,1,22,77.0,1,1,0,0.0,0,0,0.0,0.0,0,0,0.0,0.0,0.0,25974.02597,77.0,0.0,77.0,77,0,0.0,0.0,0,0.0,0.0,0.0,0.0,0,0.0,0,0,0,0,32.0,32.0,12987.01299,12987.01299,0,0,0.0,0.0,0.0,0,0,0,0,1,1,0,0,1,0.0,0.0,0.0,32.0,0,0,0,0,0,0,1,0,1,0.0,259,247,0,32,0.0,0.0,0.0,0.0,0.0,0.0,0,0
BruteForce,1,22,11799391.0,23,32,2008,2745.0,640,0,87.304344,136.33997,976,0,85.78125,220.24059,402.8173996,4.661257517,218507.2407,602664.0415,2200211.0,3,9557549,434434.0455,815087.3277,2235179,378.0,11800000.0,380621.2903,760282.5786,2200211,3.0,0,0,0,0,744.0,1032.0,1.949253144,2.712004374,0,976,84.875,186.83966,34909.05682,0,0,0,1,0,0,0,0,1,86.41818,87.304344,85.78125,744.0,0,0,0,0,0,0,23,2008,32,2745.0,29200,247,16,32,0.0,0.0,0.0,0.0,0.0,0.0,0,0
BruteForce,1,22,72.0,1,1,0,0.0,0,0,0.0,0.0,0,0,0.0,0.0,0.0,27777.77778,72.0,0.0,72.0,72,0,0.0,0.0,0,0.0,0.0,0.0,0.0,0,0.0,0,0,0,0,32.0,32.0,13888.88889,13888.88889,0,0,0.0,0.0,0.0,0,0,0,0,1,1,0,0,1,0.0,0.0,0.0,32.0,0,0,0,0,0,0,1,0,1,0.0,259,247,0,32,0.0,0.0,0.0,0.0,0.0,0.0,0,0
BruteForce,1,21,8395975.0,9,15,113,188.0,30,0,12.555555,10.690079,34,0,12.533334,14.54975,35.8505117,2.858512561,365042.3913,949379.0309,3010387.0,3,5858974,732371.75,1354722.694,3051224,4.0,8395858.0,599704.1429,1172081.341,3010387,3.0,0,0,0,0,296.0,488.0,1.07194221,1.786570351,0,34,12.04,12.956594,167.8733333,0,0,0,1,0,0,0,0,1,12.541667,12.555555,12.533334,296.0,0,0,0,0,0,0,9,113,15,188.0,29200,227,6,32,0.0,0.0,0.0,0.0,0.0,0.0,0,0
BruteForce,1,21,245.0,2,1,14,0.0,14,0,7.0,9.899495,0,0,0.0,0.0,57142.85714,12244.89796,122.5,108.1873375,199.0,46,245,245.0,0.0,245,245.0,0.0,0.0,0.0,0,0.0,1,0,0,0,64.0,20.0,8163.265306,4081.632653,0,14,7.0,8.082904,65.33333333,0,1,0,0,1,0,0,0,0,9.333333,7.0,0.0,64.0,0,0,0,0,0,0,2,14,1,0.0,229,0,0,32,0.0,0.0,0.0,0.0,0.0,0.0,0,0
BruteForce,1,80,5259763.0,3,1,0,0.0,0,0,0.0,0.0,0,0,0.0,0.0,0.0,0.760490539,1753254.333,3036003.333,5258929.0,123,5259763,2629881.5,3718034.631,5258929,834.0,0.0,0.0,0.0,0,0.0,0,0,0,0,104.0,40.0,0.570367904,0.190122635,0,0,0.0,0.0,0.0,0,0,0,1,0,0,0,0,0,0.0,0.0,0.0,104.0,0,0,0,0,0,0,3,0,1,0.0,29200,28960,0,32,0.0,0.0,0.0,0.0,0.0,0.0,0,0
BruteForce,1,21,9080621.0,9,15,109,188.0,26,0,12.111111,9.905106,34,0,12.533334,14.54975,32.7070142,2.642991047,394809.6087,1008119.659,3080838.0,3,6133539,766692.375,1378446.188,3123957,196.0,9080579.0,648612.7857,1242033.134,3080838,3.0,0,0,0,0,296.0,488.0,0.991121642,1.651869404,0,34,11.88,12.742056,162.36,0,0,0,1,0,0,0,0,1,12.375,12.111111,12.533334,296.0,0,0,0,0,0,0,9,109,15,188.0,29200,227,6,32,0.0,0.0,0.0,0.0,0.0,0.0,0,0
BruteForce,1,21,281.0,2,1,14,0.0,14,0,7.0,9.899495,0,0,0.0,0.0,49822.06406,10676.15658,140.5,33.23401872,164.0,117,281,281.0,0.0,281,281.0,0.0,0.0,0.0,0,0.0,1,0,0,0,64.0,20.0,7117.437722,3558.718861,0,14,7.0,8.082904,65.33333333,0,1,0,0,1,0,0,0,0,9.333333,7.0,0.0,64.0,0,0,0,0,0,0,2,14,1,0.0,229,0,0,32,0.0,0.0,0.0,0.0,0.0,0.0,0,0
BruteForce,1,22,51.0,1,1,0,0.0,0,0,0.0,0.0,0,0,0.0,0.0,0.0,39215.68627,51.0,0.0,51.0,51,0,0.0,0.0,0,0.0,0.0,0.0,0.0,0,0.0,0,0,0,0,32.0,32.0,19607.84314,19607.84314,0,0,0.0,0.0,0.0,0,0,0,0,1,1,0,0,1,0.0,0.0,0.0,32.0,0,0,0,0,0,0,1,0,1,0.0,259,247,0,32,0.0,0.0,0.0,0.0,0.0,0.0,0,0
BruteForce,1,80,5616975.0,3,1,0,0.0,0,0,0.0,0.0,0,0,0.0,0.0,0.0,0.712127079,1872325.0,3242391.328,5616316.0,69,5616975,2808487.5,3970869.146,5616316,659.0,0.0,0.0,0.0,0,0.0,0,0,0,0,104.0,40.0,0.534095309,0.17803177,0,0,0.0,0.0,0.0,0,0,0,1,0,0,0,0,0,0.0,0.0,0.0,104.0,0,0,0,0,0,0,3,0,1,0.0,29200,28960,0,32,0.0,0.0,0.0,0.0,0.0,0.0,0,0
BruteForce,1,21,9142090.0,9,15,96,188.0,20,0,10.666667,8.246211,34,0,12.533334,14.54975,31.06510656,2.625220272,397482.1739,1050612.485,3600744.0,2,6867721,858465.125,1587488.427,3645615,2.0,9141970.0,652997.8571,1299342.518,3600744,3.0,0,0,0,0,296.0,488.0,0.984457602,1.64076267,0,34,11.36,12.352057,152.5733333,0,0,0,1,0,0,0,0,1,11.833333,10.666667,12.533334,296.0,0,0,0,0,0,0,9,96,15,188.0,29200,227,6,32,0.0,0.0,0.0,0.0,0.0,0.0,0,0
BruteForce,1,80,5335293.0,3,1,0,0.0,0,0,0.0,0.0,0,0,0.0,0.0,0.0,0.749724523,1778431.0,3079577.695,5334421.0,92,5335293,2667646.5,3771388.666,5334421,872.0,0.0,0.0,0.0,0,0.0,0,0,0,0,104.0,40.0,0.562293392,0.187431131,0,0,0.0,0.0,0.0,0,0,0,1,0,0,0,0,0,0.0,0.0,0.0,104.0,0,0,0,0,0,0,3,0,1,0.0,29200,28960,0,32,0.0,0.0,0.0,0.0,0.0,0.0,0,0
BruteForce,1,21,240.0,2,1,14,0.0,14,0,7.0,9.899495,0,0,0.0,0.0,58333.33333,12500.0,120.0,80.61017306,177.0,63,240,240.0,0.0,240,240.0,0.0,0.0,0.0,0,0.0,1,0,0,0,64.0,20.0,8333.333333,4166.666667,0,14,7.0,8.082904,65.33333333,0,1,0,0,1,0,0,0,0,9.333333,7.0,0.0,64.0,0,0,0,0,0,0,2,14,1,0.0,229,0,0,32,0.0,0.0,0.0,0.0,0.0,0.0,0,0
BruteForce,1,22,90.0,1,1,0,0.0,0,0,0.0,0.0,0,0,0.0,0.0,0.0,22222.22222,90.0,0.0,90.0,90,0,0.0,0.0,0,0.0,0.0,0.0,0.0,0,0.0,0,0,0,0,32.0,32.0,11111.11111,11111.11111,0,0,0.0,0.0,0.0,0,0,0,0,1,1,0,0,1,0.0,0.0,0.0,32.0,0,0,0,0,0,0,1,0,1,0.0,259,247,0,32,0.0,0.0,0.0,0.0,0.0,0.0,0,0
BruteForce,1,22,72.0,1,1,0,0.0,0,0,0.0,0.0,0,0,0.0,0.0,0.0,27777.77778,72.0,0.0,72.0,72,0,0.0,0.0,0,0.0,0.0,0.0,0.0,0,0.0,0,0,0,0,32.0,32.0,13888.88889,13888.88889,0,0,0.0,0.0,0.0,0,0,0,0,1,1,0,0,1,0.0,0.0,0.0,32.0,0,0,0,0,0,0,1,0,1,0.0,259,247,0,32,0.0,0.0,0.0,0.0,0.0,0.0,0,0
BruteForce,1,21,3.0,2,0,14,0.0,14,0,7.0,9.899495,0,0,0.0,0.0,4666666.667,666666.6667,3.0,0.0,3.0,3,3,3.0,0.0,3,3.0,0.0,0.0,0.0,0,0.0,1,0,0,0,64.0,0.0,666666.6667,0.0,0,14,9.333333,8.082904,65.33333333,0,1,0,0,1,0,0,0,0,14.0,7.0,0.0,64.0,0,0,0,0,0,0,2,14,0,0.0,229,-1,0,32,0.0,0.0,0.0,0.0,0.0,0.0,0,0
BruteForce,1,21,8274984.0,9,15,101,188.0,23,0,11.222222,8.941166,34,0,12.533334,14.54975,34.92453883,2.900307723,359781.913,932551.9037,2822649.0,3,5663538,707942.25,1309256.391,2867238,4.0,8274903.0,591064.5,1150876.15,2822649,3.0,0,0,0,0,296.0,488.0,1.087615396,1.812692327,0,34,11.56,12.503599,156.34,0,0,0,1,0,0,0,0,1,12.041667,11.222222,12.533334,296.0,0,0,0,0,0,0,9,101,15,188.0,29200,227,6,32,0.0,0.0,0.0,0.0,0.0,0.0,0,0
BruteForce,1,22,12088757.0,21,32,2008,2745.0,640,0,95.61905,140.04517,976,0,85.78125,220.24059,393.1752454,4.384239008,232476.0962,629915.0197,2545235.0,3,10100000,506605.3,898032.0274,2592126,501.0,12100000.0,389954.5806,781784.483,2545235,3.0,0,0,0,0,680.0,1032.0,1.737151305,2.647087703,0,976,88.01852,189.59027,35944.47135,0,0,0,1,0,0,0,0,1,89.679245,95.61905,85.78125,680.0,0,0,0,0,0,0,21,2008,32,2745.0,29200,247,16,32,0.0,0.0,0.0,0.0,0.0,0.0,0,0
BruteForce,1,21,9237405.0,9,15,111,188.0,26,0,12.333333,10.148891,34,0,12.533334,14.54975,32.36839783,2.598132268,401626.3043,1042222.227,3135165.0,3,6325502,790687.75,1459578.566,3176963,3.0,9237279.0,659805.6429,1286388.428,3135165,3.0,0,0,0,0,296.0,488.0,0.9742996,1.623832667,0,34,11.96,12.80781,164.04,0,0,0,1,0,0,0,0,1,12.458333,12.333333,12.533334,296.0,0,0,0,0,0,0,9,111,15,188.0,29200,227,6,32,0.0,0.0,0.0,0.0,0.0,0.0,0,0
BruteForce,1,22,19550194.0,33,43,2440,3001.0,640,0,73.93939,116.84229,976,0,69.790695,191.86398,278.3092587,3.887429455,260669.2533,719215.7036,4143477.0,1,17300000,540628.2188,1030944.792,4186920,1.0,19600000.0,465478.4286,914516.1744,4143544,3.0,0,0,0,0,1112.0,1456.0,1.68796279,2.199466665,0,976,70.66234,161.74799,26162.4108,0,0,0,1,0,0,0,0,1,71.5921,73.93939,69.790695,1112.0,0,0,0,0,0,0,33,2440,43,3001.0,29200,247,22,32,0.0,0.0,0.0,0.0,0.0,0.0,0,0
BruteForce,1,21,10197122.0,9,15,101,188.0,21,0,11.222222,8.7860365,34,0,12.533334,14.54975,28.34133003,2.353605262,443353.1304,1143187.624,3640780.0,3,6513483,814185.375,1477470.352,3399544,286.0,10200000.0,728358.2857,1410004.116,3640780,3.0,0,0,0,0,296.0,488.0,0.882601973,1.471003289,0,34,11.56,12.466889,155.4233333,0,0,0,1,0,0,0,0,1,12.041667,11.222222,12.533334,296.0,0,0,0,0,0,0,9,101,15,188.0,29200,227,6,32,0.0,0.0,0.0,0.0,0.0,0.0,0,0
BruteForce,1,22,67.0,1,1,0,0.0,0,0,0.0,0.0,0,0,0.0,0.0,0.0,29850.74627,67.0,0.0,67.0,67,0,0.0,0.0,0,0.0,0.0,0.0,0.0,0,0.0,0,0,0,0,32.0,32.0,14925.37313,14925.37313,0,0,0.0,0.0,0.0,0,0,0,0,1,1,0,0,1,0.0,0.0,0.0,32.0,0,0,0,0,0,0,1,0,1,0.0,259,247,0,32,0.0,0.0,0.0,0.0,0.0,0.0,0,0
BruteForce,1,22,13357499.0,21,32,2024,2745.0,640,0,96.38095,140.18219,976,0,85.78125,220.24059,357.0279137,3.967808644,256874.9808,690405.7862,2309112.0,4,11200000,559237.35,981595.8942,2369671,499.0,13400000.0,430881.7742,856120.0045,2309112,4.0,0,0,0,0,680.0,1032.0,1.572150595,2.395658049,0,976,88.31481,189.64096,35963.69147,0,0,0,1,0,0,0,0,1,89.98113,96.38095,85.78125,680.0,0,0,0,0,0,0,21,2024,32,2745.0,29200,257,16,32,0.0,0.0,0.0,0.0,0.0,0.0,0,0
BruteForce,1,21,3.0,2,0,14,0.0,14,0,7.0,9.899495,0,0,0.0,0.0,4666666.667,666666.6667,3.0,0.0,3.0,3,3,3.0,0.0,3,3.0,0.0,0.0,0.0,0,0.0,1,0,0,0,64.0,0.0,666666.6667,0.0,0,14,9.333333,8.082904,65.33333333,0,1,0,0,1,0,0,0,0,14.0,7.0,0.0,64.0,0,0,0,0,0,0,2,14,0,0.0,229,-1,0,32,0.0,0.0,0.0,0.0,0.0,0.0,0,0
BruteForce,1,22,51.0,1,1,0,0.0,0,0,0.0,0.0,0,0,0.0,0.0,0.0,39215.68627,51.0,0.0,51.0,51,0,0.0,0.0,0,0.0,0.0,0.0,0.0,0,0.0,0,0,0,0,32.0,32.0,19607.84314,19607.84314,0,0,0.0,0.0,0.0,0,0,0,0,1,1,0,0,1,0.0,0.0,0.0,32.0,0,0,0,0,0,0,1,0,1,0.0,259,247,0,32,0.0,0.0,0.0,0.0,0.0,0.0,0,0
BruteForce,1,21,272.0,2,1,14,0.0,14,0,7.0,9.899495,0,0,0.0,0.0,51470.58824,11029.41176,136.0,80.61017306,193.0,79,272,272.0,0.0,272,272.0,0.0,0.0,0.0,0,0.0,1,0,0,0,64.0,20.0,7352.941176,3676.470588,0,14,7.0,8.082904,65.33333333,0,1,0,0,1,0,0,0,0,9.333333,7.0,0.0,64.0,0,0,0,0,0,0,2,14,1,0.0,229,0,0,32,0.0,0.0,0.0,0.0,0.0,0.0,0,0
BruteForce,1,21,8320500.0,9,15,111,188.0,25,0,12.333333,10.185775,34,0,12.533334,14.54975,35.93534042,2.884442041,361760.8696,944196.9543,3161282.0,3,6032904,754113.0,1392134.685,3208032,3.0,8320405.0,594314.6429,1166139.366,3161282,3.0,0,0,0,0,296.0,488.0,1.081665765,1.802776275,0,34,11.96,12.817566,164.29,0,0,0,1,0,0,0,0,1,12.458333,12.333333,12.533334,296.0,0,0,0,0,0,0,9,111,15,188.0,29200,227,6,32,0.0,0.0,0.0,0.0,0.0,0.0,0,0
BruteForce,1,80,5247601.0,3,1,0,0.0,0,0,0.0,0.0,0,0,0.0,0.0,0.0,0.762253075,1749200.333,3028998.922,5246787.0,86,5247601,2623800.5,3709463.082,5246787,814.0,0.0,0.0,0.0,0,0.0,0,0,0,0,104.0,40.0,0.571689806,0.190563269,0,0,0.0,0.0,0.0,0,0,0,1,0,0,0,0,0,0.0,0.0,0.0,104.0,0,0,0,0,0,0,3,0,1,0.0,29200,28960,0,32,0.0,0.0,0.0,0.0,0.0,0.0,0,0
BruteForce,1,21,217.0,2,1,14,0.0,14,0,7.0,9.899495,0,0,0.0,0.0,64516.12903,13824.88479,108.5,86.97413409,170.0,47,217,217.0,0.0,217,217.0,0.0,0.0,0.0,0,0.0,1,0,0,0,64.0,20.0,9216.589862,4608.294931,0,14,7.0,8.082904,65.33333333,0,1,0,0,1,0,0,0,0,9.333333,7.0,0.0,64.0,0,0,0,0,0,0,2,14,1,0.0,229,0,0,32,0.0,0.0,0.0,0.0,0.0,0.0,0,0
BruteForce,1,22,12837678.0,21,32,2008,2745.0,640,0,95.61905,140.04517,976,0,85.78125,220.24059,370.2382939,4.128472454,246878.4231,671573.1682,2567142.0,2,11100000,557451.75,981245.3087,2617294,454.0,12800000.0,414114.871,833815.3291,2567142,2.0,0,0,0,0,680.0,1032.0,1.63580984,2.492662614,0,976,88.01852,189.59027,35944.47135,0,0,0,1,0,0,0,0,1,89.679245,95.61905,85.78125,680.0,0,0,0,0,0,0,21,2008,32,2745.0,29200,247,16,32,0.0,0.0,0.0,0.0,0.0,0.0,0,0
BruteForce,1,21,9870701.0,9,15,106,188.0,23,0,11.777778,9.444281,34,0,12.533334,14.54975,29.78511861,2.431438253,429160.913,1116170.685,3416787.0,3,6524957,815619.625,1512221.094,3464388,208.0,9870603.0,705043.0714,1377999.849,3416787,3.0,0,0,0,0,296.0,488.0,0.911789345,1.519648908,0,34,11.76,12.623655,159.3566667,0,0,0,1,0,0,0,0,1,12.25,11.777778,12.533334,296.0,0,0,0,0,0,0,9,106,15,188.0,29200,227,6,32,0.0,0.0,0.0,0.0,0.0,0.0,0,0
BruteForce,1,22,11558485.0,21,32,2008,2745.0,640,0,95.61905,140.04517,976,0,85.78125,220.24059,411.2130612,4.585376025,222278.5577,594895.1655,2047832.0,4,9651796,482589.8,841302.4548,2101071,90.0,11600000.0,372849.9355,737417.8422,2047832,4.0,0,0,0,0,680.0,1032.0,1.816847104,2.768528921,0,976,88.01852,189.59027,35944.47135,0,0,0,1,0,0,0,0,1,89.679245,95.61905,85.78125,680.0,0,0,0,0,0,0,21,2008,32,2745.0,29200,247,16,32,0.0,0.0,0.0,0.0,0.0,0.0,0,0
BruteForce,1,22,44.0,1,1,0,0.0,0,0,0.0,0.0,0,0,0.0,0.0,0.0,45454.54545,44.0,0.0,44.0,44,0,0.0,0.0,0,0.0,0.0,0.0,0.0,0,0.0,0,0,0,0,32.0,32.0,22727.27273,22727.27273,0,0,0.0,0.0,0.0,0,0,0,0,1,1,0,0,1,0.0,0.0,0.0,32.0,0,0,0,0,0,0,1,0,1,0.0,259,247,0,32,0.0,0.0,0.0,0.0,0.0,0.0,0,0
BruteForce,1,21,8582114.0,9,15,101,188.0,21,0,11.222222,8.800253,34,0,12.533334,14.54975,33.67468668,2.796513773,373135.3913,971757.8566,3134936.0,1,5404234,675529.25,1250838.984,2827818,3.0,8582021.0,613001.5,1199889.872,3134936,1.0,0,0,0,0,296.0,488.0,1.048692665,1.747821108,0,34,11.56,12.470231,155.5066667,0,0,0,1,0,0,0,0,1,12.041667,11.222222,12.533334,296.0,0,0,0,0,0,0,9,101,15,188.0,29200,227,6,32,0.0,0.0,0.0,0.0,0.0,0.0,0,0
BruteForce,1,21,3.0,2,0,14,0.0,14,0,7.0,9.899495,0,0,0.0,0.0,4666666.667,666666.6667,3.0,0.0,3.0,3,3,3.0,0.0,3,3.0,0.0,0.0,0.0,0,0.0,1,0,0,0,64.0,0.0,666666.6667,0.0,0,14,9.333333,8.082904,65.33333333,0,1,0,0,1,0,0,0,0,14.0,7.0,0.0,64.0,0,0,0,0,0,0,2,14,0,0.0,229,-1,0,32,0.0,0.0,0.0,0.0,0.0,0.0,0,0
BruteForce,1,21,240.0,2,1,14,0.0,14,0,7.0,9.899495,0,0,0.0,0.0,58333.33333,12500.0,120.0,87.68124087,182.0,58,240,240.0,0.0,240,240.0,0.0,0.0,0.0,0,0.0,1,0,0,0,64.0,20.0,8333.333333,4166.666667,0,14,7.0,8.082904,65.33333333,0,1,0,0,1,0,0,0,0,9.333333,7.0,0.0,64.0,0,0,0,0,0,0,2,14,1,0.0,229,0,0,32,0.0,0.0,0.0,0.0,0.0,0.0,0,0
BruteForce,1,22,80.0,1,1,0,0.0,0,0,0.0,0.0,0,0,0.0,0.0,0.0,25000.0,80.0,0.0,80.0,80,0,0.0,0.0,0,0.0,0.0,0.0,0.0,0,0.0,0,0,0,0,32.0,32.0,12500.0,12500.0,0,0,0.0,0.0,0.0,0,0,0,0,1,1,0,0,1,0.0,0.0,0.0,32.0,0,0,0,0,0,0,1,0,1,0.0,259,247,0,32,0.0,0.0,0.0,0.0,0.0,0.0,0,0
BruteForce,1,21,8950693.0,9,15,93,188.0,18,0,10.333333,7.8740077,34,0,12.533334,14.54975,31.39421719,2.681356628,389160.5652,1001611.829,3148569.0,4,5760033,720004.125,1307913.758,3107389,46.0,8950627.0,639330.5,1235131.165,3148569,4.0,0,0,0,0,296.0,488.0,1.005508735,1.675847892,0,34,11.24,12.278979,150.7733333,0,0,0,1,0,0,0,0,1,11.708333,10.333333,12.533334,296.0,0,0,0,0,0,0,9,93,15,188.0,29200,227,6,32,0.0,0.0,0.0,0.0,0.0,0.0,0,0
BruteForce,1,80,5658971.0,3,1,0,0.0,0,0,0.0,0.0,0,0,0.0,0.0,0.0,0.706842286,1886323.667,3266610.88,5658281.0,122,5658971,2829485.5,4000520.961,5658281,690.0,0.0,0.0,0.0,0,0.0,0,0,0,0,104.0,40.0,0.530131715,0.176710572,0,0,0.0,0.0,0.0,0,0,0,1,0,0,0,0,0,0.0,0.0,0.0,104.0,0,0,0,0,0,0,3,0,1,0.0,29200,28960,0,32,0.0,0.0,0.0,0.0,0.0,0.0,0,0
BruteForce,1,21,9814719.0,9,15,99,188.0,22,0,11.0,8.6602545,34,0,12.533334,14.54975,29.2417949,2.445306891,426726.913,1105842.561,3384429.0,3,6386685,798335.625,1467243.12,3212119,3.0,9814589.0,701042.0714,1364706.013,3384429,3.0,0,0,0,0,296.0,488.0,0.916990084,1.528316807,0,34,11.48,12.440257,154.76,0,0,0,1,0,0,0,0,1,11.958333,11.0,12.533334,296.0,0,0,0,0,0,0,9,99,15,188.0,29200,227,6,32,0.0,0.0,0.0,0.0,0.0,0.0,0,0
BruteForce,1,21,4.0,2,0,14,0.0,14,0,7.0,9.899495,0,0,0.0,0.0,3500000.0,500000.0,4.0,0.0,4.0,4,4,4.0,0.0,4,4.0,0.0,0.0,0.0,0,0.0,1,0,0,0,64.0,0.0,500000.0,0.0,0,14,9.333333,8.082904,65.33333333,0,1,0,0,1,0,0,0,0,14.0,7.0,0.0,64.0,0,0,0,0,0,0,2,14,0,0.0,229,-1,0,32,0.0,0.0,0.0,0.0,0.0,0.0,0,0
BruteForce,1,22,13581830.0,20,33,2008,2745.0,640,0,100.4,141.91414,976,0,83.181816,217.28574,349.9528414,3.902272374,261189.0385,707568.9904,2544253.0,3,11600000,611587.1053,1043257.195,2601352,276.0,13600000.0,424429.5938,867339.9904,2544253,3.0,0,0,0,0,648.0,1064.0,1.472555613,2.429716761,0,976,88.01852,189.59027,35944.47135,0,0,0,1,0,0,0,0,1,89.679245,100.4,83.181816,648.0,0,0,0,0,0,0,20,2008,33,2745.0,29200,247,16,32,0.0,0.0,0.0,0.0,0.0,0.0,0,0
BruteForce,1,21,8982510.0,9,15,95,188.0,19,0,10.555555,8.11035,34,0,12.533334,14.54975,31.50567046,2.671858979,390543.913,1014537.716,3134640.0,3,5804804,725600.5,1342231.322,3027599,215.0,8982389.0,641599.2143,1252364.787,3134640,3.0,0,0,0,0,296.0,488.0,1.001947117,1.669911862,0,34,11.32,12.324501,151.8933333,0,0,0,1,0,0,0,0,1,11.791667,10.555555,12.533334,296.0,0,0,0,0,0,0,9,95,15,188.0,29200,227,6,32,0.0,0.0,0.0,0.0,0.0,0.0,0,0
BruteForce,1,22,13014423.0,21,31,2008,2745.0,640,0,95.61905,140.04517,976,0,88.548386,223.315,365.2101979,3.995567072,255184.7647,680307.0425,2448304.0,4,10900000,545303.25,959780.6588,2500846,245.0,13000000.0,433812.4667,847424.6883,2448304,4.0,0,0,0,0,680.0,1000.0,1.613594394,2.381972678,0,976,89.679245,191.00763,36483.91437,0,0,0,1,0,0,0,0,1,91.40385,95.61905,88.548386,680.0,0,0,0,0,0,0,21,2008,31,2745.0,29200,247,16,32,0.0,0.0,0.0,0.0,0.0,0.0,0,0
BruteForce,1,22,11780736.0,22,33,2008,2745.0,640,0,91.27273,138.18214,976,0,83.181816,217.28574,403.455268,4.6686387,218161.7778,608879.0171,2506921.0,7,9890699,470985.6667,874252.0599,2564493,316.0,11800000.0,368144.7812,759511.6059,2506921,7.0,0,0,0,0,712.0,1064.0,1.86745548,2.80118322,0,976,84.875,186.83966,34909.05682,0,0,0,1,0,0,0,0,1,86.41818,91.27273,83.181816,712.0,0,0,0,0,0,0,22,2008,33,2745.0,29200,247,16,32,0.0,0.0,0.0,0.0,0.0,0.0,0,0
BruteForce,1,21,8429336.0,9,15,102,188.0,22,0,11.333333,8.930285,34,0,12.533334,14.54975,34.40365884,2.847199352,366492.8696,959266.6429,3203116.0,3,6105036,763129.5,1415356.568,3250721,4.0,8429279.0,602091.3571,1185115.533,3203116,3.0,0,0,0,0,296.0,488.0,1.067699757,1.779499595,0,34,11.6,12.5,156.25,0,0,0,1,0,0,0,0,1,12.083333,11.333333,12.533334,296.0,0,0,0,0,0,0,9,102,15,188.0,29200,227,6,32,0.0,0.0,0.0,0.0,0.0,0.0,0,0
BruteForce,1,22,44.0,1,1,0,0.0,0,0,0.0,0.0,0,0,0.0,0.0,0.0,45454.54545,44.0,0.0,44.0,44,0,0.0,0.0,0,0.0,0.0,0.0,0.0,0,0.0,0,0,0,0,32.0,32.0,22727.27273,22727.27273,0,0,0.0,0.0,0.0,0,0,0,0,1,1,0,0,1,0.0,0.0,0.0,32.0,0,0,0,0,0,0,1,0,1,0.0,259,247,0,32,0.0,0.0,0.0,0.0,0.0,0.0,0,0
BruteForce,1,21,10086386.0,9,15,113,188.0,31,0,12.555555,10.829487,34,0,12.533334,14.54975,29.84220513,2.379444927,438538.5217,1142710.984,3560759.0,3,6485046,810630.75,1499492.21,3300009,4.0,10100000.0,720447.5714,1411058.815,3560759,3.0,0,0,0,0,296.0,488.0,0.892291848,1.487153079,0,34,12.04,12.995128,168.8733333,0,0,0,1,0,0,0,0,1,12.541667,12.555555,12.533334,296.0,0,0,0,0,0,0,9,113,15,188.0,29200,227,6,32,0.0,0.0,0.0,0.0,0.0,0.0,0,0
BruteForce,1,21,247.0,2,1,14,0.0,14,0,7.0,9.899495,0,0,0.0,0.0,56680.16194,12145.74899,123.5,51.61879503,160.0,87,247,247.0,0.0,247,247.0,0.0,0.0,0.0,0,0.0,1,0,0,0,64.0,20.0,8097.165992,4048.582996,0,14,7.0,8.082904,65.33333333,0,1,0,0,1,0,0,0,0,9.333333,7.0,0.0,64.0,0,0,0,0,0,0,2,14,1,0.0,229,0,0,32,0.0,0.0,0.0,0.0,0.0,0.0,0,0
BruteForce,1,22,13092580.0,21,32,2008,2745.0,640,0,95.61905,140.04517,976,0,85.78125,220.24059,363.0300521,4.048094417,251780.3846,681694.9116,2399987.0,3,10600000,532443.55,940558.0458,2409050,272.0,13100000.0,422337.7419,845968.8659,2399987,3.0,0,0,0,0,680.0,1032.0,1.603961939,2.444132478,0,976,88.01852,189.59027,35944.47135,0,0,0,1,0,0,0,0,1,89.679245,95.61905,85.78125,680.0,0,0,0,0,0,0,21,2008,32,2745.0,29200,247,16,32,0.0,0.0,0.0,0.0,0.0,0.0,0,0
BruteForce,1,21,9222831.0,9,15,107,188.0,22,0,11.888889,9.518987,34,0,12.533334,14.54975,31.98584036,2.60223786,400992.6522,1037316.665,3372007.0,3,6731428,841428.5,1526579.539,3419881,288.0,9222686.0,658763.2857,1279890.063,3372007,3.0,0,0,0,0,296.0,488.0,0.975839197,1.626398662,0,34,11.8,12.642521,159.8333333,0,0,0,1,0,0,0,0,1,12.291667,11.888889,12.533334,296.0,0,0,0,0,0,0,9,107,15,188.0,29200,227,6,32,0.0,0.0,0.0,0.0,0.0,0.0,0,0
BruteForce,1,22,11523120.0,23,32,2008,2745.0,640,0,87.304344,136.33997,976,0,85.78125,220.24059,412.4750936,4.773012865,213391.1111,587716.7729,2236310.0,4,9573794,435172.4545,819238.3724,2300780,406.0,11500000.0,371708.9677,741303.3586,2236310,4.0,0,0,0,0,744.0,1032.0,1.995987198,2.777025667,0,976,84.875,186.83966,34909.05682,0,0,0,1,0,0,0,0,1,86.41818,87.304344,85.78125,744.0,0,0,0,0,0,0,23,2008,32,2745.0,29200,247,16,32,0.0,0.0,0.0,0.0,0.0,0.0,0,0
BruteForce,1,22,50.0,1,1,0,0.0,0,0,0.0,0.0,0,0,0.0,0.0,0.0,40000.0,50.0,0.0,50.0,50,0,0.0,0.0,0,0.0,0.0,0.0,0.0,0,0.0,0,0,0,0,32.0,32.0,20000.0,20000.0,0,0,0.0,0.0,0.0,0,0,0,0,1,1,0,0,1,0.0,0.0,0.0,32.0,0,0,0,0,0,0,1,0,1,0.0,259,247,0,32,0.0,0.0,0.0,0.0,0.0,0.0,0,0
BruteForce,1,21,260.0,2,1,14,0.0,14,0,7.0,9.899495,0,0,0.0,0.0,53846.15385,11538.46154,130.0,39.59797975,158.0,102,260,260.0,0.0,260,260.0,0.0,0.0,0.0,0,0.0,1,0,0,0,64.0,20.0,7692.307692,3846.153846,0,14,7.0,8.082904,65.33333333,0,1,0,0,1,0,0,0,0,9.333333,7.0,0.0,64.0,0,0,0,0,0,0,2,14,1,0.0,229,0,0,32,0.0,0.0,0.0,0.0,0.0,0.0,0,0
BruteForce,1,21,9414312.0,9,15,100,188.0,21,0,11.111111,8.681078,34,0,12.533334,14.54975,30.59172035,2.549310029,409317.913,1079777.789,3776469.0,3,6376780,797097.5,1512205.841,3821004,3.0,9414223.0,672444.5,1335126.21,3776469,3.0,0,0,0,0,296.0,488.0,0.955991261,1.593318768,0,34,11.52,12.443606,154.8433333,0,0,0,1,0,0,0,0,1,12.0,11.111111,12.533334,296.0,0,0,0,0,0,0,9,100,15,188.0,29200,227,6,32,0.0,0.0,0.0,0.0,0.0,0.0,0,0
BruteForce,1,21,8724563.0,9,15,111,188.0,26,0,12.333333,10.198039,34,0,12.533334,14.54975,34.27105747,2.750854112,379328.8261,990449.8577,3276764.0,3,5406261,675782.625,1251395.262,2828294,3.0,8724461.0,623175.7857,1223317.218,3276764,3.0,0,0,0,0,296.0,488.0,1.031570292,1.71928382,0,34,11.96,12.820816,164.3733333,0,0,0,1,0,0,0,0,1,12.458333,12.333333,12.533334,296.0,0,0,0,0,0,0,9,111,15,188.0,29200,227,6,32,0.0,0.0,0.0,0.0,0.0,0.0,0,0
BruteForce,1,21,9837276.0,9,15,112,188.0,27,0,12.444445,10.36956,34,0,12.533334,14.54975,30.49624713,2.439699771,427707.6522,1101575.482,3431151.0,3,6624889,828111.125,1508789.687,3473807,3.0,9837202.0,702657.2857,1358501.901,3431151,3.0,0,0,0,0,296.0,488.0,0.914887414,1.524812357,0,34,12.0,12.867919,165.5833333,0,0,0,1,0,0,0,0,1,12.5,12.444445,12.533334,296.0,0,0,0,0,0,0,9,112,15,188.0,29200,227,6,32,0.0,0.0,0.0,0.0,0.0,0.0,0,0
BruteForce,1,21,248.0,2,1,14,0.0,14,0,7.0,9.899495,0,0,0.0,0.0,56451.6129,12096.77419,124.0,60.81118318,167.0,81,248,248.0,0.0,248,248.0,0.0,0.0,0.0,0,0.0,1,0,0,0,64.0,20.0,8064.516129,4032.258065,0,14,7.0,8.082904,65.33333333,0,1,0,0,1,0,0,0,0,9.333333,7.0,0.0,64.0,0,0,0,0,0,0,2,14,1,0.0,229,0,0,32,0.0,0.0,0.0,0.0,0.0,0.0,0,0
BruteForce,1,21,9713915.0,9,15,107,188.0,23,0,11.888889,9.545214,34,0,12.533334,14.54975,30.36880599,2.470682521,422344.1304,1099289.124,3375894.0,1,6294921,786865.125,1458028.91,3339582,44.0,9713689.0,693834.9286,1357279.766,3375894,1.0,0,0,0,0,296.0,488.0,0.926505945,1.544176576,0,34,11.8,12.649111,160.0,0,0,0,1,0,0,0,0,1,12.291667,11.888889,12.533334,296.0,0,0,0,0,0,0,9,107,15,188.0,29200,227,6,32,0.0,0.0,0.0,0.0,0.0,0.0,0,0
BruteForce,1,22,12183800.0,21,32,2008,2745.0,640,0,95.61905,140.04517,976,0,85.78125,220.24059,390.1081764,4.350038576,234303.8462,635554.979,2322021.0,4,10700000,536023.5,939984.693,2364164,398.0,12200000.0,393023.1935,788869.3156,2322021,4.0,0,0,0,0,680.0,1032.0,1.72360019,2.626438385,0,976,88.01852,189.59027,35944.47135,0,0,0,1,0,0,0,0,1,89.679245,95.61905,85.78125,680.0,0,0,0,0,0,0,21,2008,32,2745.0,29200,247,16,32,0.0,0.0,0.0,0.0,0.0,0.0,0,0
BruteForce,1,21,4.0,2,0,14,0.0,14,0,7.0,9.899495,0,0,0.0,0.0,3500000.0,500000.0,4.0,0.0,4.0,4,4,4.0,0.0,4,4.0,0.0,0.0,0.0,0,0.0,1,0,0,0,64.0,0.0,500000.0,0.0,0,14,9.333333,8.082904,65.33333333,0,1,0,0,1,0,0,0,0,14.0,7.0,0.0,64.0,0,0,0,0,0,0,2,14,0,0.0,229,-1,0,32,0.0,0.0,0.0,0.0,0.0,0.0,0,0
BruteForce,1,22,83.0,1,1,0,0.0,0,0,0.0,0.0,0,0,0.0,0.0,0.0,24096.38554,83.0,0.0,83.0,83,0,0.0,0.0,0,0.0,0.0,0.0,0.0,0,0.0,0,0,0,0,32.0,32.0,12048.19277,12048.19277,0,0,0.0,0.0,0.0,0,0,0,0,1,1,0,0,1,0.0,0.0,0.0,32.0,0,0,0,0,0,0,1,0,1,0.0,259,247,0,32,0.0,0.0,0.0,0.0,0.0,0.0,0,0
BruteForce,1,22,11814049.0,19,31,2008,2745.0,640,0,105.68421,143.7672,976,0,88.548386,223.315,402.3176135,4.232249248,241103.0408,638442.7556,2259759.0,4,10400000,575207.3889,955059.2679,2304263,587.0,11800000.0,393796.7,782673.0635,2259759,4.0,0,0,0,0,616.0,1000.0,1.608254714,2.623994534,0,976,93.196075,193.9303,37608.96078,0,0,0,1,0,0,0,0,1,95.06,105.68421,88.548386,616.0,0,0,0,0,0,0,19,2008,31,2745.0,29200,247,16,32,0.0,0.0,0.0,0.0,0.0,0.0,0,0
BruteForce,1,22,107.0,1,1,0,0.0,0,0,0.0,0.0,0,0,0.0,0.0,0.0,18691.58879,107.0,0.0,107.0,107,0,0.0,0.0,0,0.0,0.0,0.0,0.0,0,0.0,0,0,0,0,32.0,32.0,9345.794393,9345.794393,0,0,0.0,0.0,0.0,0,0,0,0,1,1,0,0,1,0.0,0.0,0.0,32.0,0,0,0,0,0,0,1,0,1,0.0,259,257,0,32,0.0,0.0,0.0,0.0,0.0,0.0,0,0
BruteForce,1,22,11433962.0,21,32,2008,2745.0,640,0,95.61905,140.04517,976,0,85.78125,220.24059,415.6914287,4.635313638,219883.8846,598893.1247,2336217.0,3,9967708,498385.4,884394.8877,2385972,421.0,11400000.0,368832.9677,743688.969,2336217,3.0,0,0,0,0,680.0,1032.0,1.836633706,2.798679933,0,976,88.01852,189.59027,35944.47135,0,0,0,1,0,0,0,0,1,89.679245,95.61905,85.78125,680.0,0,0,0,0,0,0,21,2008,32,2745.0,29200,247,16,32,0.0,0.0,0.0,0.0,0.0,0.0,0,0
BruteForce,1,22,12635662.0,22,32,2008,2745.0,640,0,91.27273,138.18214,976,0,85.78125,220.24059,376.1575769,4.273618588,238408.717,649857.7427,2460126.0,3,10100000,482596.2857,869970.7619,2272630,336.0,12600000.0,407600.0,812957.6934,2460126,3.0,0,0,0,0,712.0,1032.0,1.741103869,2.532514719,0,976,86.41818,188.2012,35419.69226,0,0,0,1,0,0,0,0,1,88.01852,91.27273,85.78125,712.0,0,0,0,0,0,0,22,2008,32,2745.0,29200,247,16,32,0.0,0.0,0.0,0.0,0.0,0.0,0,0
BruteForce,1,21,239.0,2,1,14,0.0,14,0,7.0,9.899495,0,0,0.0,0.0,58577.40586,12552.30126,119.5,48.7903679,154.0,85,239,239.0,0.0,239,239.0,0.0,0.0,0.0,0,0.0,1,0,0,0,64.0,20.0,8368.200837,4184.100418,0,14,7.0,8.082904,65.33333333,0,1,0,0,1,0,0,0,0,9.333333,7.0,0.0,64.0,0,0,0,0,0,0,2,14,1,0.0,229,0,0,32,0.0,0.0,0.0,0.0,0.0,0.0,0,0
BruteForce,1,21,236.0,2,1,14,0.0,14,0,7.0,9.899495,0,0,0.0,0.0,59322.0339,12711.86441,118.0,39.59797975,146.0,90,236,236.0,0.0,236,236.0,0.0,0.0,0.0,0,0.0,1,0,0,0,64.0,20.0,8474.576271,4237.288136,0,14,7.0,8.082904,65.33333333,0,1,0,0,1,0,0,0,0,9.333333,7.0,0.0,64.0,0,0,0,0,0,0,2,14,1,0.0,229,0,0,32,0.0,0.0,0.0,0.0,0.0,0.0,0,0
BruteForce,1,22,42.0,1,1,0,0.0,0,0,0.0,0.0,0,0,0.0,0.0,0.0,47619.04762,42.0,0.0,42.0,42,0,0.0,0.0,0,0.0,0.0,0.0,0.0,0,0.0,0,0,0,0,32.0,32.0,23809.52381,23809.52381,0,0,0.0,0.0,0.0,0,0,0,0,1,1,0,0,1,0.0,0.0,0.0,32.0,0,0,0,0,0,0,1,0,1,0.0,259,247,0,32,0.0,0.0,0.0,0.0,0.0,0.0,0,0
BruteForce,1,22,76.0,1,1,0,0.0,0,0,0.0,0.0,0,0,0.0,0.0,0.0,26315.78947,76.0,0.0,76.0,76,0,0.0,0.0,0,0.0,0.0,0.0,0.0,0,0.0,0,0,0,0,32.0,32.0,13157.89474,13157.89474,0,0,0.0,0.0,0.0,0,0,0,0,1,1,0,0,1,0.0,0.0,0.0,32.0,0,0,0,0,0,0,1,0,1,0.0,259,247,0,32,0.0,0.0,0.0,0.0,0.0,0.0,0,0
BruteForce,1,22,111.0,1,1,0,0.0,0,0,0.0,0.0,0,0,0.0,0.0,0.0,18018.01802,111.0,0.0,111.0,111,0,0.0,0.0,0,0.0,0.0,0.0,0.0,0,0.0,0,0,0,0,32.0,32.0,9009.009009,9009.009009,0,0,0.0,0.0,0.0,0,0,0,0,1,1,0,0,1,0.0,0.0,0.0,32.0,0,0,0,0,0,0,1,0,1,0.0,259,247,0,32,0.0,0.0,0.0,0.0,0.0,0.0,0,0
BruteForce,1,21,279.0,2,1,14,0.0,14,0,7.0,9.899495,0,0,0.0,0.0,50179.21147,10752.68817,139.5,81.31727984,197.0,82,279,279.0,0.0,279,279.0,0.0,0.0,0.0,0,0.0,1,0,0,0,64.0,20.0,7168.458781,3584.229391,0,14,7.0,8.082904,65.33333333,0,1,0,0,1,0,0,0,0,9.333333,7.0,0.0,64.0,0,0,0,0,0,0,2,14,1,0.0,229,0,0,32,0.0,0.0,0.0,0.0,0.0,0.0,0,0
BruteForce,1,21,9481913.0,9,15,110,188.0,24,0,12.222222,9.972183,34,0,12.533334,14.54975,31.42825715,2.531134804,412257.087,1071163.762,3400775.0,3,6495401,811925.125,1500521.145,3443660,3.0,9481784.0,677270.2857,1322295.357,3400775,3.0,0,0,0,0,296.0,488.0,0.949175551,1.581959252,0,34,11.92,12.760355,162.8266667,0,0,0,1,0,0,0,0,1,12.416667,12.222222,12.533334,296.0,0,0,0,0,0,0,9,110,15,188.0,29200,227,6,32,0.0,0.0,0.0,0.0,0.0,0.0,0,0
BruteForce,1,21,3.0,2,0,14,0.0,14,0,7.0,9.899495,0,0,0.0,0.0,4666666.667,666666.6667,3.0,0.0,3.0,3,3,3.0,0.0,3,3.0,0.0,0.0,0.0,0,0.0,1,0,0,0,64.0,0.0,666666.6667,0.0,0,14,9.333333,8.082904,65.33333333,0,1,0,0,1,0,0,0,0,14.0,7.0,0.0,64.0,0,0,0,0,0,0,2,14,0,0.0,229,-1,0,32,0.0,0.0,0.0,0.0,0.0,0.0,0,0
BruteForce,1,22,11646633.0,21,33,2008,2745.0,640,0,95.61905,140.04517,976,0,83.181816,217.28574,408.100779,4.636533151,219747.7925,591207.7182,2150468.0,24,9910188,495509.4,859796.2831,2201191,557.0,11600000.0,363953.875,729699.5217,2150468,49.0,0,0,0,0,680.0,1064.0,1.803096225,2.833436926,0,976,86.41818,188.2012,35419.69226,0,0,0,1,0,0,0,0,1,88.01852,95.61905,83.181816,680.0,0,0,0,0,0,0,21,2008,33,2745.0,29200,247,16,32,0.0,0.0,0.0,0.0,0.0,0.0,0,0
BruteForce,1,21,42.0,2,0,14,0.0,14,0,7.0,9.899495,0,0,0.0,0.0,333333.3333,47619.04762,42.0,0.0,42.0,42,42,42.0,0.0,42,42.0,0.0,0.0,0.0,0,0.0,1,0,0,0,64.0,0.0,47619.04762,0.0,0,14,9.333333,8.082904,65.33333333,0,1,0,0,1,0,0,0,0,14.0,7.0,0.0,64.0,0,0,0,0,0,0,2,14,0,0.0,229,-1,0,32,0.0,0.0,0.0,0.0,0.0,0.0,0,0
BruteForce,1,21,8787873.0,9,15,106,188.0,22,0,11.777778,9.40449,34,0,12.533334,14.54975,33.45519445,2.731036281,382081.4348,1002798.109,3424624.0,21,5319774,664971.75,1234364.087,2862266,49.0,8787749.0,627696.3571,1239264.287,3424624,48.0,0,0,0,0,296.0,488.0,1.024138606,1.706897676,0,34,11.76,12.6137495,159.1066667,0,0,0,1,0,0,0,0,1,12.25,11.777778,12.533334,296.0,0,0,0,0,0,0,9,106,15,188.0,29200,227,6,32,0.0,0.0,0.0,0.0,0.0,0.0,0,0
BruteForce,1,21,8330952.0,9,15,102,188.0,23,0,11.333333,9.069179,34,0,12.533334,14.54975,34.80994729,2.880823224,362215.3043,949287.4711,3147312.0,3,5460308,682538.5,1285954.549,3189521,19.0,8330857.0,595061.2143,1172951.593,3147312,3.0,0,0,0,0,296.0,488.0,1.080308709,1.800514515,0,34,11.6,12.533289,157.0833333,0,0,0,1,0,0,0,0,1,12.083333,11.333333,12.533334,296.0,0,0,0,0,0,0,9,102,15,188.0,29200,227,6,32,0.0,0.0,0.0,0.0,0.0,0.0,0,0
BruteForce,1,21,9090300.0,9,15,104,188.0,23,0,11.555555,9.193899,34,0,12.533334,14.54975,32.12215218,2.640176892,395230.4348,1026917.843,3203670.0,3,6107770,763471.25,1414493.844,3245974,3.0,9090253.0,649303.7857,1267672.544,3203670,3.0,0,0,0,0,296.0,488.0,0.990066334,1.650110557,0,34,11.68,12.562245,157.81,0,0,0,1,0,0,0,0,1,12.166667,11.555555,12.533334,296.0,0,0,0,0,0,0,9,104,15,188.0,29200,227,6,32,0.0,0.0,0.0,0.0,0.0,0.0,0,0
BruteForce,1,22,67.0,1,1,0,0.0,0,0,0.0,0.0,0,0,0.0,0.0,0.0,29850.74627,67.0,0.0,67.0,67,0,0.0,0.0,0,0.0,0.0,0.0,0.0,0,0.0,0,0,0,0,32.0,32.0,14925.37313,14925.37313,0,0,0.0,0.0,0.0,0,0,0,0,1,1,0,0,1,0.0,0.0,0.0,32.0,0,0,0,0,0,0,1,0,1,0.0,259,247,0,32,0.0,0.0,0.0,0.0,0.0,0.0,0,0
BruteForce,1,21,531.0,2,1,14,0.0,14,0,7.0,9.899495,0,0,0.0,0.0,26365.3484,5649.717514,265.5,287.7924599,469.0,62,531,531.0,0.0,531,531.0,0.0,0.0,0.0,0,0.0,1,0,0,0,64.0,20.0,3766.478343,1883.239171,0,14,7.0,8.082904,65.33333333,0,1,0,0,1,0,0,0,0,9.333333,7.0,0.0,64.0,0,0,0,0,0,0,2,14,1,0.0,229,0,0,32,0.0,0.0,0.0,0.0,0.0,0.0,0,0
BruteForce,1,22,10908235.0,21,32,2008,2745.0,640,0,95.61905,140.04517,976,0,85.78125,220.24059,435.725853,4.85871454,209773.75,572202.8619,2362083.0,12,9564384,478219.2,852327.658,2408798,315.0,10900000.0,351875.129,710653.8547,2362083,18.0,0,0,0,0,680.0,1032.0,1.925151044,2.933563496,0,976,88.01852,189.59027,35944.47135,0,0,0,1,0,0,0,0,1,89.679245,95.61905,85.78125,680.0,0,0,0,0,0,0,21,2008,32,2745.0,29200,247,16,32,0.0,0.0,0.0,0.0,0.0,0.0,0,0
BruteForce,1,22,19524513.0,32,43,2440,3001.0,640,0,76.25,117.9434,976,0,69.790695,191.86398,278.6753247,3.841325005,263844.7703,723394.7364,4123459.0,1,17300000,557300.4194,1040981.894,4166962,1.0,19500000.0,464866.6905,914521.8046,4123584,3.0,0,0,0,0,1080.0,1456.0,1.638965336,2.20235967,0,976,71.5921,162.61548,26443.7914,0,0,0,1,0,0,0,0,1,72.54667,76.25,69.790695,1080.0,0,0,0,0,0,0,32,2440,43,3001.0,29200,247,22,32,0.0,0.0,0.0,0.0,0.0,0.0,0,0
DDoS,1,80,1645232.0,3,4,26,11601.0,20,0,8.666667,10.263203,8760,0,2900.25,4128.3193,7067.088411,4.254719091,274205.3333,670029.8143,1641896.0,5,3001,1500.5,2114.956383,2996,5.0,1645171.0,548390.3333,947004.8035,1641896,183.0,0,0,0,0,72.0,92.0,1.823451039,2.431268052,0,8760,1453.375,3113.9526,9696700.839,0,0,0,1,0,0,0,0,1,1661.0,8.666667,2900.25,72.0,0,0,0,0,0,0,3,26,4,11601.0,8192,229,2,20,0.0,0.0,0.0,0.0,0.0,0.0,0,0
DDoS,1,80,242723.0,3,6,26,11601.0,20,0,8.666667,10.263203,4380,0,1933.5,1757.7899,47902.34135,37.07930439,30340.375,83913.04662,237995.0,9,4429,2214.5,1721.805012,3432,997.0,242674.0,48534.8,105928.2081,237995,9.0,0,0,0,0,72.0,132.0,12.35976813,24.71953626,0,4380,1162.7,1645.2418,2706820.456,0,0,0,1,0,0,0,0,2,1291.8889,8.666667,1933.5,72.0,0,0,0,0,0,0,3,26,6,11601.0,8192,229,2,20,0.0,0.0,0.0,0.0,0.0,0.0,0,0
DDoS,1,80,74871076.0,8,4,56,11607.0,20,0,7.0,5.656854,11595,0,2901.75,5795.5005,155.7744409,0.160275511,6806461.455,19700000.0,65800000.0,3,74300000,10600000.0,24500000.0,65800000,3.0,561954.0,187318.0,323780.1125,561187,185.0,0,0,0,0,172.0,92.0,0.106850341,0.05342517,0,11595,897.61536,3214.1675,10300000.0,0,0,0,0,1,0,0,0,0,972.4167,7.0,2901.75,172.0,0,0,0,0,0,0,8,56,4,11607.0,256,229,6,20,6998.0,0.0,6998.0,6998.0,37200000.0,40500000.0,65800000,8534817
DDoS,1,80,1343660.0,3,5,26,11607.0,20,0,8.666667,10.263203,7215,0,2321.4,3327.7698,8657.696143,5.953887144,191951.4286,506998.6535,1341716.0,36,1601,800.5,451.8412332,1120,481.0,1343615.0,335903.75,670541.8435,1341716,118.0,0,0,0,0,72.0,112.0,2.232707679,3.721179465,0,7215,1292.5555,2650.5857,7025604.278,0,0,0,1,0,0,0,0,1,1454.125,8.666667,2321.4,72.0,0,0,0,0,0,0,3,26,5,11607.0,8192,229,2,20,0.0,0.0,0.0,0.0,0.0,0.0,0,0
DDoS,1,80,94670085.0,9,6,62,11601.0,20,0,6.888889,5.3019915,4380,0,1933.5,1757.7899,123.1962557,0.158444983,6762148.929,23800000.0,89400000.0,1,94600000,11800000.0,31400000.0,89400000,1.0,25739.0,5147.8,9594.125609,22143,16.0,0,0,0,0,192.0,132.0,0.09506699,0.063377993,0,4380,729.3125,1399.2855,1958000.096,0,0,0,0,1,0,0,0,0,777.93335,6.888889,1933.5,192.0,0,0,0,0,0,0,9,62,6,11601.0,256,229,7,20,998.0,0.0,998.0,998.0,47300000.0,59500000.0,89400000,5263844
DDoS,1,80,7954076.0,7,4,50,11607.0,20,0,7.142857,6.094494,11595,0,2901.75,5795.5005,1465.53792,1.38293876,795407.6,1967767.292,6176887.0,1,7921801,1320300.167,2478528.771,6176887,1.0,33146.0,11048.66667,18179.63119,32031,5.0,0,0,0,0,152.0,92.0,0.880051938,0.502886822,0,11595,971.9167,3345.4072,11200000.0,0,0,0,0,1,0,0,0,0,1060.2727,7.142857,2901.75,152.0,0,0,0,0,0,0,7,50,4,11607.0,256,229,5,20,1744021.0,0.0,1744021.0,1744021.0,6176887.0,0.0,6176887,6176887
DDoS,1,80,629197.0,3,5,26,11607.0,20,0,8.666667,10.263203,7215,0,2321.4,3327.7698,18488.64505,12.71461879,89885.28571,237330.065,628099.0,4,813,406.5,461.7407281,733,80.0,629178.0,157294.5,313869.9188,628099,4.0,0,0,0,0,72.0,112.0,4.767982047,7.946636745,0,7215,1292.5555,2650.5857,7025604.278,0,0,0,1,0,0,0,0,1,1454.125,8.666667,2321.4,72.0,0,0,0,0,0,0,3,26,5,11607.0,8192,229,2,20,0.0,0.0,0.0,0.0,0.0,0.0,0,0
DDoS,1,80,426747.0,3,6,26,11601.0,20,0,8.666667,10.263203,4380,0,1933.5,1757.7899,27245.6514,21.08977919,53343.375,140249.4913,399688.0,14,26639,13319.5,18743.27945,26573,66.0,426688.0,85337.6,176105.9685,399688,14.0,0,0,0,0,72.0,132.0,7.029926397,14.05985279,0,4380,1162.7,1645.2418,2706820.456,0,0,0,1,0,0,0,0,2,1291.8889,8.666667,1933.5,72.0,0,0,0,0,0,0,3,26,6,11601.0,8192,229,2,20,0.0,0.0,0.0,0.0,0.0,0.0,0,0
DDoS,1,80,11665191.0,5,0,30,0.0,6,6,6.0,0.0,0,0,0.0,0.0,2.571753862,0.428625644,2916297.75,5831814.167,11700000.0,317,11700000,2916297.75,5831814.167,11700000,317.0,0.0,0.0,0.0,0,0.0,0,0,0,0,100.0,0.0,0.428625644,0.0,6,6,6.0,0.0,0.0,0,0,0,0,1,0,0,0,0,7.2,6.0,0.0,100.0,0,0,0,0,0,0,5,30,0,0.0,256,-1,4,20,1172.0,0.0,1172.0,1172.0,11700000.0,0.0,11700000,11700000
DDoS,1,80,1818128.0,3,4,26,11601.0,20,0,8.666667,10.263203,8760,0,2900.25,4128.3193,6395.039293,3.850113963,303021.3333,739213.2988,1811930.0,69,5054,2527.0,3082.985566,4707,347.0,1818059.0,606019.6667,1044350.922,1811930,1052.0,0,0,0,0,72.0,92.0,1.650048841,2.200065122,0,8760,1453.375,3113.9526,9696700.839,0,0,0,1,0,0,0,0,1,1661.0,8.666667,2900.25,72.0,0,0,0,0,0,0,3,26,4,11601.0,8192,229,2,20,0.0,0.0,0.0,0.0,0.0,0.0,0,0
DDoS,1,80,664241.0,3,5,26,11607.0,20,0,8.666667,10.263203,10135,0,2321.4,4413.202,17513.22186,12.04382144,94891.57143,250623.8918,663253.0,3,645,322.5,359.9173516,577,68.0,664188.0,166047.0,331470.8124,663253,3.0,0,0,0,0,72.0,112.0,4.516433042,7.527388403,0,10135,1292.5555,3350.635,11200000.0,0,0,0,1,0,0,0,0,1,1454.125,8.666667,2321.4,72.0,0,0,0,0,0,0,3,26,5,11607.0,8192,229,2,20,0.0,0.0,0.0,0.0,0.0,0.0,0,0
DDoS,1,80,36599.0,3,6,26,11607.0,20,0,8.666667,10.263203,5755,0,1934.5,2529.1245,317850.2145,245.9083582,4574.875,11691.5415,33466.0,14,2843,1421.5,605.9905115,1850,993.0,36560.0,7312.0,14669.23255,33466,14.0,0,0,0,0,72.0,132.0,81.96945272,163.9389054,0,5755,1163.3,2131.8708,4544873.789,0,0,0,1,0,0,0,0,2,1292.5555,8.666667,1934.5,72.0,0,0,0,0,0,0,3,26,6,11607.0,8192,229,2,20,0.0,0.0,0.0,0.0,0.0,0.0,0,0
DDoS,1,80,22513326.0,4,0,24,0.0,6,6,6.0,0.0,0,0,0.0,0.0,1.066035289,0.177672548,7504442.0,13000000.0,22500000.0,323,22500000,7504442.0,13000000.0,22500000,323.0,0.0,0.0,0.0,0,0.0,0,0,0,0,80.0,0.0,0.177672548,0.0,6,6,6.0,0.0,0.0,0,0,0,0,1,0,0,0,0,7.5,6.0,0.0,80.0,0,0,0,0,0,0,4,24,0,0.0,256,-1,3,20,771.0,0.0,771.0,771.0,22500000.0,0.0,22500000,22500000
DDoS,1,80,33482.0,2,7,20,11607.0,20,0,10.0,14.142136,4380,0,1658.1428,1942.8773,347261.215,268.8011469,4185.25,11413.08834,32425.0,2,736,736.0,0.0,736,736.0,33465.0,5577.5,13155.47378,32425,2.0,0,0,0,0,52.0,152.0,59.7335882,209.0675587,0,4380,1162.7,1775.6497,3152931.567,0,0,0,1,0,0,0,0,3,1291.8889,10.0,1658.1428,52.0,0,0,0,0,0,0,2,20,7,11607.0,8192,229,1,20,0.0,0.0,0.0,0.0,0.0,0.0,0,0
DDoS,1,80,9059647.0,4,0,24,0.0,6,6,6.0,0.0,0,0,0.0,0.0,2.649109838,0.441518306,3019882.333,5229973.024,9058935.0,340,9059647,3019882.333,5229973.024,9058935,340.0,0.0,0.0,0.0,0,0.0,0,0,0,0,80.0,0.0,0.441518306,0.0,6,6,6.0,0.0,0.0,0,0,0,0,1,0,0,0,0,7.5,6.0,0.0,80.0,0,0,0,0,0,0,4,24,0,0.0,256,-1,3,20,712.0,0.0,712.0,712.0,9058935.0,0.0,9058935,9058935
DDoS,1,80,1748195.0,3,5,26,11607.0,20,0,8.666667,10.263203,7300,0,2321.4,3346.364,6654.291998,4.576148542,249742.1429,659568.3566,1745502.0,48,1991,995.5,1100.965258,1774,217.0,1748147.0,437036.75,872310.5666,1745502,191.0,0,0,0,0,72.0,112.0,1.716055703,2.860092839,0,7300,1292.5555,2662.265,7087654.278,0,0,0,1,0,0,0,0,1,1454.125,8.666667,2321.4,72.0,0,0,0,0,0,0,3,26,5,11607.0,8192,229,2,20,0.0,0.0,0.0,0.0,0.0,0.0,0,0
DDoS,1,80,1226084.0,3,6,26,11607.0,20,0,8.666667,10.263203,5840,0,1934.5,2538.9192,9487.93068,7.340443232,153260.5,433002.5572,1224887.0,3,861,430.5,473.0544366,765,96.0,1226035.0,245207.0,547657.8766,1224887,3.0,0,0,0,0,72.0,132.0,2.446814411,4.893628822,0,5840,1163.3,2138.329,4572451.567,0,0,0,1,0,0,0,0,2,1292.5555,8.666667,1934.5,72.0,0,0,0,0,0,0,3,26,6,11607.0,8192,229,2,20,0.0,0.0,0.0,0.0,0.0,0.0,0,0
DDoS,1,80,97769213.0,9,6,62,11607.0,20,0,6.888889,5.3019915,5755,0,1934.5,2529.1245,119.3525001,0.15342253,6983515.214,25100000.0,94000000.0,0,96300000,12000000.0,33100000.0,94000000,0.0,1486228.0,297245.6,664013.5542,1485069,48.0,0,0,0,0,192.0,132.0,0.092053518,0.061369012,0,5755,729.6875,1749.6226,3061178.896,0,0,0,0,1,0,0,0,0,778.3333,6.888889,1934.5,192.0,0,0,0,0,0,0,9,62,6,11607.0,256,229,7,20,2255967.0,0.0,2255967.0,2255967.0,94000000.0,0.0,94000000,94000000
DDoS,1,80,238226.0,3,4,26,11607.0,20,0,8.666667,10.263203,11595,0,2901.75,5795.5005,48831.78159,29.38386238,39704.33333,96617.77139,236924.0,6,1092,546.0,386.0803025,819,273.0,238081.0,79360.33333,136455.339,236924,6.0,0,0,0,0,72.0,92.0,12.59308388,16.7907785,0,11595,1454.125,4097.5376,16800000.0,0,0,0,1,0,0,0,0,1,1661.8572,8.666667,2901.75,72.0,0,0,0,0,0,0,3,26,4,11607.0,8192,229,2,20,0.0,0.0,0.0,0.0,0.0,0.0,0,0
DDoS,1,80,72669641.0,8,4,56,11607.0,20,0,7.0,5.656854,11595,0,2901.75,5795.5005,160.4934308,0.165130856,6606331.0,18800000.0,62600000.0,16,72500000,10400000.0,23300000.0,62600000,18.0,133050.0,44350.0,75761.99147,131831,179.0,0,0,0,0,172.0,92.0,0.110087237,0.055043619,0,11595,897.61536,3214.1675,10300000.0,0,0,0,0,1,0,0,0,0,972.4167,7.0,2901.75,172.0,0,0,0,0,0,0,8,56,4,11607.0,256,229,6,20,4310.0,0.0,4310.0,4310.0,36300000.0,37200000.0,62600000,9941473
DDoS,1,80,536844.0,3,5,26,11601.0,20,0,8.666667,10.263203,4380,0,2320.2,2207.3413,21658.06081,14.90190819,76692.0,189441.2872,505586.0,48,30458,15229.0,20520.23879,29739,719.0,536796.0,134199.0,247997.3643,505586,164.0,0,0,0,0,72.0,112.0,5.588215571,9.313692618,0,4380,1291.8889,1980.7102,3923213.111,0,0,0,1,0,0,0,0,1,1453.375,8.666667,2320.2,72.0,0,0,0,0,0,0,3,26,5,11601.0,8192,229,2,20,0.0,0.0,0.0,0.0,0.0,0.0,0,0
DDoS,1,80,8083982.0,4,0,24,0.0,6,6,6.0,0.0,0,0,0.0,0.0,2.968833924,0.494805654,2694660.667,4667285.72,8083978.0,1,8083982,2694660.667,4667285.72,8083978,1.0,0.0,0.0,0.0,0,0.0,0,0,0,0,80.0,0.0,0.494805654,0.0,6,6,6.0,0.0,0.0,0,0,0,0,1,0,0,0,0,7.5,6.0,0.0,80.0,0,0,0,0,0,0,4,24,0,0.0,256,-1,3,20,4.0,0.0,4.0,4.0,8083978.0,0.0,8083978,8083978
DDoS,1,80,10539456.0,4,0,24,0.0,6,6,6.0,0.0,0,0,0.0,0.0,2.277157379,0.37952623,3513152.0,6084339.417,10500000.0,274,10500000,3513152.0,6084339.417,10500000,274.0,0.0,0.0,0.0,0,0.0,0,0,0,0,80.0,0.0,0.37952623,0.0,6,6,6.0,0.0,0.0,0,0,0,0,1,0,0,0,0,7.5,6.0,0.0,80.0,0,0,0,0,0,0,4,24,0,0.0,256,-1,3,20,714.0,0.0,714.0,714.0,10500000.0,0.0,10500000,10500000
DDoS,1,80,1663018.0,3,4,26,11601.0,20,0,8.666667,10.263203,8760,0,2900.25,4128.3193,6991.505805,4.209214813,277169.6667,670483.8971,1645722.0,43,17019,8509.5,11708.98119,16789,230.0,1662975.0,554325.0,945215.2765,1645722,179.0,0,0,0,0,72.0,92.0,1.803949206,2.405265607,0,8760,1453.375,3113.9526,9696700.839,0,0,0,1,0,0,0,0,1,1661.0,8.666667,2900.25,72.0,0,0,0,0,0,0,3,26,4,11601.0,8192,229,2,20,0.0,0.0,0.0,0.0,0.0,0.0,0,0
DDoS,1,80,81041229.0,8,6,56,11601.0,20,0,7.0,5.656854,5840,0,1933.5,2189.773,143.8403655,0.172751576,6233940.692,21800000.0,78700000.0,2,80700000,11500000.0,29600000.0,78700000,2.0,397433.0,79486.6,171572.1034,386291,46.0,0,0,0,0,172.0,132.0,0.098715186,0.07403639,0,5840,777.5333,1633.1027,2667024.41,0,0,0,0,1,0,0,0,0,833.0714,7.0,1933.5,172.0,0,0,0,0,0,0,8,56,6,11601.0,256,229,6,20,1988075.0,0.0,1988075.0,1988075.0,78700000.0,0.0,78700000,78700000
DDoS,1,80,74056.0,3,4,26,11601.0,20,0,8.666667,10.263203,8760,0,2900.25,4128.3193,157002.8087,94.52306363,12342.66667,26649.60709,66451.0,4,7110,3555.0,5021.87236,7106,4.0,73963.0,24654.33333,36372.59832,66451,186.0,0,0,0,0,72.0,92.0,40.50988441,54.01317922,0,8760,1453.375,3113.9526,9696700.839,0,0,0,1,0,0,0,0,1,1661.0,8.666667,2900.25,72.0,0,0,0,0,0,0,3,26,4,11601.0,8192,229,2,20,0.0,0.0,0.0,0.0,0.0,0.0,0,0
DDoS,1,80,1826689.0,3,5,26,11607.0,20,0,8.666667,10.263203,7215,0,2321.4,3327.7698,6368.352796,4.379508499,260955.5714,689927.0525,1825563.0,3,804,402.0,318.1980515,627,177.0,1826652.0,456663.0,912600.0869,1825563,3.0,0,0,0,0,72.0,112.0,1.642315687,2.737192812,0,7215,1292.5555,2650.5857,7025604.278,0,0,0,1,0,0,0,0,1,1454.125,8.666667,2321.4,72.0,0,0,0,0,0,0,3,26,5,11607.0,8192,229,2,20,0.0,0.0,0.0,0.0,0.0,0.0,0,0
DDoS,1,80,97825591.0,9,4,62,11607.0,20,0,6.888889,5.3019915,11595,0,2901.75,5795.5005,119.2837159,0.132889563,8152132.583,27100000.0,94200000.0,3,96300000,12000000.0,33200000.0,94200000,3.0,1556836.0,518945.3333,897907.1328,1555759,5.0,0,0,0,0,192.0,92.0,0.092000466,0.040889096,0,11595,833.9286,3097.2527,9592974.533,0,0,0,0,1,0,0,0,0,898.0769,6.888889,2901.75,192.0,0,0,0,0,0,0,9,62,4,11607.0,256,229,7,20,2061985.0,0.0,2061985.0,2061985.0,94200000.0,0.0,94200000,94200000
DDoS,1,80,79204010.0,8,4,56,11607.0,20,0,7.0,5.656854,11595,0,2901.75,5795.5005,147.2526454,0.15150748,7200364.545,19900000.0,66300000.0,4,78500000,11200000.0,24700000.0,66300000,4.0,737425.0,245808.3333,424972.4669,736524,5.0,0,0,0,0,172.0,92.0,0.101004987,0.050502493,0,11595,897.61536,3214.1675,10300000.0,0,0,0,0,1,0,0,0,0,972.4167,7.0,2901.75,172.0,0,0,0,0,0,0,8,56,4,11607.0,256,229,6,20,3990.0,0.0,3990.0,3990.0,39200000.0,38300000.0,66300000,12100000
DDoS,1,80,994981.0,3,5,26,11601.0,20,0,8.666667,10.263203,5840,0,2320.2,2658.1958,11685.65028,8.040354539,142140.1429,367562.7628,975555.0,47,19042,9521.0,12602.05705,18432,610.0,994798.0,248699.5,484650.832,975555,153.0,0,0,0,0,72.0,112.0,3.015132952,5.025221587,0,5840,1291.8889,2240.5442,5020038.111,0,0,0,1,0,0,0,0,1,1453.375,8.666667,2320.2,72.0,0,0,0,0,0,0,3,26,5,11601.0,8192,229,2,20,0.0,0.0,0.0,0.0,0.0,0.0,0,0
DDoS,1,80,1835198.0,3,5,26,11601.0,20,0,8.666667,10.263203,7215,0,2320.2,2991.5557,6335.556163,4.359202658,262171.1429,690940.65,1829070.0,3,5767,2883.5,4073.642166,5764,3.0,1835155.0,458788.75,913524.7232,1829070,93.0,0,0,0,0,72.0,112.0,1.634700997,2.724501661,0,7215,1291.8889,2441.667,5961738.111,0,0,0,1,0,0,0,0,1,1453.375,8.666667,2320.2,72.0,0,0,0,0,0,0,3,26,5,11601.0,8192,229,2,20,0.0,0.0,0.0,0.0,0.0,0.0,0,0
DDoS,1,80,1803233.0,3,6,26,11601.0,20,0,8.666667,10.263203,4380,0,1933.5,1757.7899,6447.863365,4.991035546,225404.125,635093.7816,1797174.0,16,5702,2851.0,3855.146171,5577,125.0,1803177.0,360635.4,803053.2353,1797174,16.0,0,0,0,0,72.0,132.0,1.663678515,3.32735703,0,4380,1162.7,1645.2418,2706820.456,0,0,0,1,0,0,0,0,2,1291.8889,8.666667,1933.5,72.0,0,0,0,0,0,0,3,26,6,11601.0,8192,229,2,20,0.0,0.0,0.0,0.0,0.0,0.0,0,0
DDoS,1,80,136047.0,4,0,24,0.0,6,6,6.0,0.0,0,0,0.0,0.0,176.4096231,29.40160386,45349.0,77671.98308,135035.0,3,136047,45349.0,77671.98308,135035,3.0,0.0,0.0,0.0,0,0.0,0,0,0,0,80.0,0.0,29.40160386,0.0,6,6,6.0,0.0,0.0,0,0,0,0,1,0,0,0,0,7.5,6.0,0.0,80.0,0,0,0,0,0,0,4,24,0,0.0,256,-1,3,20,0.0,0.0,0.0,0.0,0.0,0.0,0,0
DDoS,1,80,94165999.0,9,4,62,11601.0,20,0,6.888889,5.3019915,8760,0,2900.25,4128.3193,123.8557454,0.138054076,7847166.583,27000000.0,93500000.0,18,94100000,11800000.0,33000000.0,93500000,194.0,56050.0,18683.33333,29313.54884,52482,196.0,0,0,0,0,192.0,92.0,0.095575899,0.042478177,0,8760,833.5,2402.7139,5773033.654,0,0,0,0,1,0,0,0,0,897.61536,6.888889,2900.25,192.0,0,0,0,0,0,0,9,62,4,11601.0,256,229,7,20,619521.0,0.0,619521.0,619521.0,93500000.0,0.0,93500000,93500000
DDoS,1,80,1272563.0,3,6,26,11607.0,20,0,8.666667,10.263203,5840,0,1934.5,2538.9192,9141.394179,7.072341409,159070.375,449545.6537,1271639.0,3,607,303.5,399.5153314,586,21.0,1272550.0,254510.0,568592.4576,1271639,3.0,0,0,0,0,72.0,132.0,2.357447136,4.714894272,0,5840,1163.3,2138.329,4572451.567,0,0,0,1,0,0,0,0,2,1292.5555,8.666667,1934.5,72.0,0,0,0,0,0,0,3,26,6,11607.0,8192,229,2,20,0.0,0.0,0.0,0.0,0.0,0.0,0,0
DDoS,1,80,4086892.0,5,0,30,0.0,6,6,6.0,0.0,0,0,0.0,0.0,7.340541419,1.22342357,1021723.0,2042110.721,4084889.0,1,4086892,1021723.0,2042110.721,4084889,1.0,0.0,0.0,0.0,0,0.0,0,0,0,0,100.0,0.0,1.22342357,0.0,6,6,6.0,0.0,0.0,0,0,0,0,1,0,0,0,0,7.2,6.0,0.0,100.0,0,0,0,0,0,0,5,30,0,0.0,256,-1,4,20,0.0,0.0,0.0,0.0,0.0,0.0,0,0
DDoS,1,80,144271.0,3,4,26,11607.0,20,0,8.666667,10.263203,11595,0,2901.75,5795.5005,80632.97544,48.51979954,24045.16667,58472.72752,143401.0,5,812,406.0,417.1930009,701,111.0,144246.0,48082.0,82549.73124,143401,5.0,0,0,0,0,72.0,92.0,20.7941998,27.72559974,0,11595,1454.125,4097.5376,16800000.0,0,0,0,1,0,0,0,0,1,1661.8572,8.666667,2901.75,72.0,0,0,0,0,0,0,3,26,4,11607.0,8192,229,2,20,0.0,0.0,0.0,0.0,0.0,0.0,0,0
DDoS,1,80,81193809.0,8,4,56,11601.0,20,0,7.0,5.656854,8760,0,2900.25,4128.3193,143.5700596,0.14779452,7381255.364,21700000.0,72500000.0,1,80600000,11500000.0,27100000.0,72500000,1.0,628019.0,209339.6667,348893.2515,612107,187.0,0,0,0,0,172.0,92.0,0.09852968,0.04926484,0,8760,897.1539,2488.507,6192667.308,0,0,0,0,1,0,0,0,0,971.9167,7.0,2900.25,172.0,0,0,0,0,0,0,8,56,4,11601.0,256,229,6,20,993.0,0.0,993.0,993.0,40300000.0,45600000.0,72500000,8073138
DDoS,1,80,1845652.0,3,5,26,11607.0,20,0,8.666667,10.263203,10135,0,2321.4,4413.202,6302.921678,4.334511598,263664.5714,697204.1808,1844775.0,4,600,300.0,285.6711396,502,98.0,1845604.0,461401.0,922249.3712,1844775,4.0,0,0,0,0,72.0,112.0,1.625441849,2.709069749,0,10135,1292.5555,3350.635,11200000.0,0,0,0,1,0,0,0,0,1,1454.125,8.666667,2321.4,72.0,0,0,0,0,0,0,3,26,5,11607.0,8192,229,2,20,0.0,0.0,0.0,0.0,0.0,0.0,0,0
DDoS,1,80,30242.0,3,5,26,11607.0,20,0,8.666667,10.263203,10220,0,2321.4,4455.1826,384663.7127,264.532769,4320.285714,10926.79478,29094.0,2,901,450.5,375.4737008,716,185.0,30226.0,7556.5,14364.1373,29094,2.0,0,0,0,0,72.0,112.0,99.19978837,165.3329806,0,10220,1292.5555,3378.299,11400000.0,0,0,0,1,0,0,0,0,1,1454.125,8.666667,2321.4,72.0,0,0,0,0,0,0,3,26,5,11607.0,8192,229,2,20,0.0,0.0,0.0,0.0,0.0,0.0,0,0
DDoS,1,80,7964829.0,5,0,30,0.0,6,6,6.0,0.0,0,0,0.0,0.0,3.766559207,0.627759868,1991207.25,3982411.833,7964825.0,1,7964829,1991207.25,3982411.833,7964825,1.0,0.0,0.0,0.0,0,0.0,0,0,0,0,100.0,0.0,0.627759868,0.0,6,6,6.0,0.0,0.0,0,0,0,0,1,0,0,0,0,7.2,6.0,0.0,100.0,0,0,0,0,0,0,5,30,0,0.0,256,-1,4,20,4.0,0.0,4.0,4.0,7964825.0,0.0,7964825,7964825
DDoS,1,80,95703.0,3,5,26,11607.0,20,0,8.666667,10.263203,10135,0,2321.4,4413.202,121553.1384,83.59194592,13671.85714,35698.71857,94627.0,5,814,407.0,504.8742418,764,50.0,95656.0,23914.0,47143.33442,94627,5.0,0,0,0,0,72.0,112.0,31.34697972,52.2449662,0,10135,1292.5555,3350.635,11200000.0,0,0,0,1,0,0,0,0,1,1454.125,8.666667,2321.4,72.0,0,0,0,0,0,0,3,26,5,11607.0,8192,229,2,20,0.0,0.0,0.0,0.0,0.0,0.0,0,0
DDoS,1,80,80259438.0,8,6,56,11601.0,20,0,7.0,5.656854,4380,0,1933.5,1757.7899,145.2414855,0.174434314,6173802.923,21000000.0,76000000.0,1,80300000,11500000.0,28500000.0,76000000,1.0,46630.0,9326.0,20553.28931,46092,48.0,0,0,0,0,172.0,132.0,0.099676751,0.074757563,0,4380,777.5333,1434.5717,2057995.838,0,0,0,0,1,0,0,0,0,833.0714,7.0,1933.5,172.0,0,0,0,0,0,0,8,56,6,11601.0,256,229,6,20,4164908.0,0.0,4164908.0,4164908.0,76000000.0,0.0,76000000,76000000
DDoS,1,80,431670.0,3,5,26,11607.0,20,0,8.666667,10.263203,10135,0,2321.4,4413.202,26948.82665,18.53267542,61667.14286,162738.0233,430722.0,3,735,367.5,381.1305551,637,98.0,431625.0,107906.25,215210.7055,430722,3.0,0,0,0,0,72.0,112.0,6.949753284,11.58292214,0,10135,1292.5555,3350.635,11200000.0,0,0,0,1,0,0,0,0,1,1454.125,8.666667,2321.4,72.0,0,0,0,0,0,0,3,26,5,11607.0,8192,229,2,20,0.0,0.0,0.0,0.0,0.0,0.0,0,0
DDoS,1,80,81952155.0,8,6,56,11607.0,20,0,7.0,5.656854,5840,0,1934.5,2538.9192,142.3147445,0.170831383,6304011.923,18900000.0,68200000.0,14,80300000,11500000.0,25400000.0,68200000,123.0,1671089.0,334217.8,746735.0834,1670018,14.0,0,0,0,0,172.0,132.0,0.097617933,0.07321345,0,5840,777.93335,1804.899,3257660.352,0,0,0,0,1,0,0,0,0,833.5,7.0,1934.5,172.0,0,0,0,0,0,0,8,56,6,11607.0,256,229,6,20,978.0,0.0,978.0,978.0,40100000.0,39700000.0,68200000,12100000
DDoS,1,80,912434.0,3,4,26,11607.0,20,0,8.666667,10.263203,11595,0,2901.75,5795.5005,12749.4153,7.671787768,152072.3333,372100.423,911619.0,4,746,373.0,446.8914857,689,57.0,912359.0,304119.6667,526109.9828,911619,4.0,0,0,0,0,72.0,92.0,3.287909043,4.383878724,0,11595,1454.125,4097.5376,16800000.0,0,0,0,1,0,0,0,0,1,1661.8572,8.666667,2901.75,72.0,0,0,0,0,0,0,3,26,4,11607.0,8192,229,2,20,0.0,0.0,0.0,0.0,0.0,0.0,0,0
DDoS,1,80,731179.0,3,5,26,11607.0,20,0,8.666667,10.263203,5840,0,2321.4,3173.3738,15909.92083,10.94123327,104454.1429,275924.1037,730191.0,3,681,340.5,475.8828637,677,4.0,731131.0,182782.75,364939.0046,730191,3.0,0,0,0,0,72.0,112.0,4.102962476,6.838270793,0,5840,1292.5555,2554.1592,6523729.278,0,0,0,1,0,0,0,0,1,1454.125,8.666667,2321.4,72.0,0,0,0,0,0,0,3,26,5,11607.0,8192,229,2,20,0.0,0.0,0.0,0.0,0.0,0.0,0,0
DDoS,1,80,848673.0,3,5,26,11607.0,20,0,8.666667,10.263203,7215,0,2321.4,3327.7698,13707.28184,9.426481106,121239.0,320375.4085,847782.0,1,628,314.0,442.648845,627,1.0,848613.0,212153.25,423752.5945,847782,4.0,0,0,0,0,72.0,112.0,3.534930415,5.891550691,0,7215,1292.5555,2650.5857,7025604.278,0,0,0,1,0,0,0,0,1,1454.125,8.666667,2321.4,72.0,0,0,0,0,0,0,3,26,5,11607.0,8192,229,2,20,0.0,0.0,0.0,0.0,0.0,0.0,0,0
DDoS,1,80,3857550.0,5,0,30,0.0,6,6,6.0,0.0,0,0,0.0,0.0,7.776956877,1.296159479,964387.5,1925679.152,3852906.0,1006,3857550,964387.5,1925679.152,3852906,1006.0,0.0,0.0,0.0,0,0.0,0,0,0,0,100.0,0.0,1.296159479,0.0,6,6,6.0,0.0,0.0,0,0,0,0,1,0,0,0,0,7.2,6.0,0.0,100.0,0,0,0,0,0,0,5,30,0,0.0,256,-1,4,20,0.0,0.0,0.0,0.0,0.0,0.0,0,0
DDoS,1,80,10109324.0,8,7,56,11601.0,20,0,7.0,5.656854,4380,0,1657.2858,1548.6709,1153.093916,1.483778737,722094.5714,2050962.096,7579768.0,1,9679820,1382831.429,2840611.768,7579768,1.0,437550.0,72925.0,174257.2756,428567,51.0,0,0,0,0,172.0,152.0,0.79134866,0.692430077,0,4380,728.9375,1293.9736,1674367.663,0,0,0,0,1,0,0,0,0,777.5333,7.0,1657.2858,172.0,0,0,0,0,0,0,8,56,7,11601.0,256,229,6,20,2091948.0,0.0,2091948.0,2091948.0,7579768.0,0.0,7579768,7579768
DDoS,1,80,54178.0,3,4,26,11601.0,20,0,8.666667,10.263203,8760,0,2900.25,4128.3193,214607.4052,129.2037358,9029.666667,14397.53744,33377.0,10,20560,10280.0,14164.76304,20296,264.0,54168.0,18056.0,16738.62602,33377,191.0,0,0,0,0,72.0,92.0,55.37302964,73.83070619,0,8760,1453.375,3113.9526,9696700.839,0,0,0,1,0,0,0,0,1,1661.0,8.666667,2900.25,72.0,0,0,0,0,0,0,3,26,4,11601.0,8192,229,2,20,0.0,0.0,0.0,0.0,0.0,0.0,0,0
DDoS,1,80,7021835.0,4,0,24,0.0,6,6,6.0,0.0,0,0,0.0,0.0,3.417909991,0.569651665,2340611.667,4053204.456,7020849.0,3,7021835,2340611.667,4053204.456,7020849,3.0,0.0,0.0,0.0,0,0.0,0,0,0,0,80.0,0.0,0.569651665,0.0,6,6,6.0,0.0,0.0,0,0,0,0,1,0,0,0,0,7.5,6.0,0.0,80.0,0,0,0,0,0,0,4,24,0,0.0,256,-1,3,20,986.0,0.0,986.0,986.0,7020849.0,0.0,7020849,7020849
DDoS,1,80,843736.0,3,5,26,11601.0,20,0,8.666667,10.263203,5840,0,2320.2,2436.833,13780.3768,9.481638806,120533.7143,316870.1383,839123.0,98,4135,2067.5,2010.304579,3489,646.0,843532.0,210883.0,418830.5765,839123,190.0,0,0,0,0,72.0,112.0,3.555614552,5.926024254,0,5840,1291.8889,2110.9507,4456113.111,0,0,0,1,0,0,0,0,1,1453.375,8.666667,2320.2,72.0,0,0,0,0,0,0,3,26,5,11601.0,8192,229,2,20,0.0,0.0,0.0,0.0,0.0,0.0,0,0
DDoS,1,80,85006.0,3,6,26,11607.0,20,0,8.666667,10.263203,5840,0,1934.5,2538.9192,136849.1636,105.8748794,10625.75,29584.29391,83841.0,3,1007,503.5,316.0767312,727,280.0,84960.0,16992.0,37372.16245,83841,3.0,0,0,0,0,72.0,132.0,35.29162647,70.58325295,0,5840,1163.3,2138.329,4572451.567,0,0,0,1,0,0,0,0,2,1292.5555,8.666667,1934.5,72.0,0,0,0,0,0,0,3,26,6,11607.0,8192,229,2,20,0.0,0.0,0.0,0.0,0.0,0.0,0,0
DDoS,1,80,7535958.0,4,0,24,0.0,6,6,6.0,0.0,0,0,0.0,0.0,3.184731125,0.530788521,2511986.0,4348290.427,7532959.0,3,7535958,2511986.0,4348290.427,7532959,3.0,0.0,0.0,0.0,0,0.0,0,0,0,0,80.0,0.0,0.530788521,0.0,6,6,6.0,0.0,0.0,0,0,0,0,1,0,0,0,0,7.5,6.0,0.0,80.0,0,0,0,0,0,0,4,24,0,0.0,256,-1,3,20,2999.0,0.0,2999.0,2999.0,7532959.0,0.0,7532959,7532959
DDoS,1,80,82631102.0,8,5,56,11601.0,20,0,7.0,5.656854,4380,0,2320.2,2207.3413,141.0727888,0.157325749,6885925.167,23300000.0,80800000.0,0,82600000,11800000.0,30400000.0,80800000,0.0,57275.0,14318.75,18286.05821,38528,156.0,0,0,0,0,172.0,112.0,0.096815845,0.060509903,0,4380,833.0714,1679.9863,2822353.918,0,0,0,0,1,0,0,0,0,897.1539,7.0,2320.2,172.0,0,0,0,0,0,0,8,56,5,11601.0,256,229,6,20,1778051.0,0.0,1778051.0,1778051.0,80800000.0,0.0,80800000,80800000
DDoS,1,80,1898972.0,5,0,30,0.0,6,6,6.0,0.0,0,0,0.0,0.0,15.79802125,2.633003541,474743.0,948156.1154,1896977.0,4,1898972,474743.0,948156.1154,1896977,4.0,0.0,0.0,0.0,0,0.0,0,0,0,0,100.0,0.0,2.633003541,0.0,6,6,6.0,0.0,0.0,0,0,0,0,1,0,0,0,0,7.2,6.0,0.0,100.0,0,0,0,0,0,0,5,30,0,0.0,256,-1,4,20,0.0,0.0,0.0,0.0,0.0,0.0,0,0
DDoS,1,80,83788204.0,9,6,62,11607.0,20,0,6.888889,5.3019915,5840,0,1934.5,2538.9192,139.2678139,0.179022813,5984871.714,21200000.0,79700000.0,0,82100000,10300000.0,28100000.0,79700000,0.0,1651193.0,330238.6,737950.8002,1650325,2.0,0,0,0,0,192.0,132.0,0.107413688,0.071609125,0,5840,729.6875,1754.3447,3077725.563,0,0,0,0,1,0,0,0,0,778.3333,6.888889,1934.5,192.0,0,0,0,0,0,0,9,62,6,11607.0,256,229,7,20,2441959.0,0.0,2441959.0,2441959.0,79700000.0,0.0,79700000,79700000
DDoS,1,80,57587.0,3,6,26,11601.0,20,0,8.666667,10.263203,4380,0,1933.5,1757.7899,201903.2073,156.2852727,7198.375,15448.67026,43812.0,16,13350,6675.0,8828.93527,12918,432.0,57529.0,11505.8,18945.02464,43812,16.0,0,0,0,0,72.0,132.0,52.09509091,104.1901818,0,4380,1162.7,1645.2418,2706820.456,0,0,0,1,0,0,0,0,2,1291.8889,8.666667,1933.5,72.0,0,0,0,0,0,0,3,26,6,11601.0,8192,229,2,20,0.0,0.0,0.0,0.0,0.0,0.0,0,0
DDoS,1,80,11036695.0,5,0,30,0.0,6,6,6.0,0.0,0,0,0.0,0.0,2.718205042,0.453034174,2759173.75,5515019.095,11000000.0,4,11000000,2759173.75,5515019.095,11000000,4.0,0.0,0.0,0.0,0,0.0,0,0,0,0,100.0,0.0,0.453034174,0.0,6,6,6.0,0.0,0.0,0,0,0,0,1,0,0,0,0,7.2,6.0,0.0,100.0,0,0,0,0,0,0,5,30,0,0.0,256,-1,4,20,4993.0,0.0,4993.0,4993.0,11000000.0,0.0,11000000,11000000
DDoS,1,80,35382.0,3,5,26,11601.0,20,0,8.666667,10.263203,5840,0,2320.2,2436.833,328613.4193,226.1036685,5054.571429,9335.004497,24650.0,52,24815,12407.5,17387.04864,24702,113.0,35330.0,8832.5,11535.77446,24844,165.0,0,0,0,0,72.0,112.0,84.7888757,141.3147928,0,5840,1291.8889,2110.9507,4456113.111,0,0,0,1,0,0,0,0,1,1453.375,8.666667,2320.2,72.0,0,0,0,0,0,0,3,26,5,11601.0,8192,229,2,20,0.0,0.0,0.0,0.0,0.0,0.0,0,0
DDoS,1,80,6569799.0,5,0,30,0.0,6,6,6.0,0.0,0,0,0.0,0.0,4.566349747,0.761058291,1642449.75,3282914.269,6566821.0,1,6569799,1642449.75,3282914.269,6566821,1.0,0.0,0.0,0.0,0,0.0,0,0,0,0,100.0,0.0,0.761058291,0.0,6,6,6.0,0.0,0.0,0,0,0,0,1,0,0,0,0,7.2,6.0,0.0,100.0,0,0,0,0,0,0,5,30,0,0.0,256,-1,4,20,2978.0,0.0,2978.0,2978.0,6566821.0,0.0,6566821,6566821
DDoS,1,80,2657963.0,5,0,30,0.0,6,6,6.0,0.0,0,0,0.0,0.0,11.28683883,1.881139805,664490.75,1324980.609,2651959.0,3,2657963,664490.75,1324980.609,2651959,3.0,0.0,0.0,0.0,0,0.0,0,0,0,0,100.0,0.0,1.881139805,0.0,6,6,6.0,0.0,0.0,0,0,0,0,1,0,0,0,0,7.2,6.0,0.0,100.0,0,0,0,0,0,0,5,30,0,0.0,256,-1,4,20,0.0,0.0,0.0,0.0,0.0,0.0,0,0
DDoS,1,80,1181577.0,3,5,26,11607.0,20,0,8.666667,10.263203,8675,0,2321.4,3769.5361,9845.316894,6.770612495,168796.7143,445485.5099,1179062.0,32,2067,1033.5,1026.01194,1759,308.0,1181545.0,295386.25,589117.87,1179062,176.0,0,0,0,0,72.0,112.0,2.538979686,4.231632809,0,8675,1292.5555,2931.4294,8593279.278,0,0,0,1,0,0,0,0,1,1454.125,8.666667,2321.4,72.0,0,0,0,0,0,0,3,26,5,11607.0,8192,229,2,20,0.0,0.0,0.0,0.0,0.0,0.0,0,0
DDoS,1,80,3778895.0,4,0,24,0.0,6,6,6.0,0.0,0,0,0.0,0.0,6.351062943,1.058510491,1259631.667,2179140.692,3775886.0,3,3778895,1259631.667,2179140.692,3775886,3.0,0.0,0.0,0.0,0,0.0,0,0,0,0,80.0,0.0,1.058510491,0.0,6,6,6.0,0.0,0.0,0,0,0,0,1,0,0,0,0,7.5,6.0,0.0,80.0,0,0,0,0,0,0,4,24,0,0.0,256,-1,3,20,0.0,0.0,0.0,0.0,0.0,0.0,0,0
DDoS,1,80,40969.0,3,6,26,11601.0,20,0,8.666667,10.263203,4380,0,1933.5,1757.7899,283799.9463,219.6782933,5121.125,13680.23665,38967.0,7,39989,19994.5,26841.06631,38974,1015.0,40962.0,8192.4,17853.9219,40128,15.0,0,0,0,0,72.0,132.0,73.22609778,146.4521956,0,4380,1162.7,1645.2418,2706820.456,0,0,0,1,0,0,0,0,2,1291.8889,8.666667,1933.5,72.0,0,0,0,0,0,0,3,26,6,11601.0,8192,229,2,20,0.0,0.0,0.0,0.0,0.0,0.0,0,0
DDoS,1,80,82203931.0,8,4,56,11607.0,20,0,7.0,5.656854,11595,0,2901.75,5795.5005,141.8788598,0.14597842,7473084.636,21300000.0,71100000.0,3,80500000,11500000.0,26500000.0,71100000,3.0,1752200.0,584066.6667,1010572.358,1750975,168.0,0,0,0,0,172.0,92.0,0.097318947,0.048659473,0,11595,897.61536,3214.1675,10300000.0,0,0,0,0,1,0,0,0,0,972.4167,7.0,2901.75,172.0,0,0,0,0,0,0,8,56,4,11607.0,256,229,6,20,1992.0,0.0,1992.0,1992.0,40200000.0,43600000.0,71100000,9394737
DDoS,1,80,1910962.0,5,0,30,0.0,6,6,6.0,0.0,0,0,0.0,0.0,15.6988993,2.616483216,477740.5,952819.1528,1906968.0,3,1910962,477740.5,952819.1528,1906968,3.0,0.0,0.0,0.0,0,0.0,0,0,0,0,100.0,0.0,2.616483216,0.0,6,6,6.0,0.0,0.0,0,0,0,0,1,0,0,0,0,7.2,6.0,0.0,100.0,0,0,0,0,0,0,5,30,0,0.0,256,-1,4,20,0.0,0.0,0.0,0.0,0.0,0.0,0,0
DDoS,1,80,1874339.0,5,0,30,0.0,6,6,6.0,0.0,0,0,0.0,0.0,16.00564252,2.667607087,468584.75,936549.504,1873409.0,189,1874339,468584.75,936549.504,1873409,189.0,0.0,0.0,0.0,0,0.0,0,0,0,0,100.0,0.0,2.667607087,0.0,6,6,6.0,0.0,0.0,0,0,0,0,1,0,0,0,0,7.2,6.0,0.0,100.0,0,0,0,0,0,0,5,30,0,0.0,256,-1,4,20,0.0,0.0,0.0,0.0,0.0,0.0,0,0
DDoS,1,80,230418.0,5,0,30,0.0,6,6,6.0,0.0,0,0,0.0,0.0,130.1981616,21.6996936,57604.5,114422.3889,229238.0,252,230418,57604.5,114422.3889,229238,252.0,0.0,0.0,0.0,0,0.0,0,0,0,0,100.0,0.0,21.6996936,0.0,6,6,6.0,0.0,0.0,0,0,0,0,1,0,0,0,0,7.2,6.0,0.0,100.0,0,0,0,0,0,0,5,30,0,0.0,256,-1,4,20,0.0,0.0,0.0,0.0,0.0,0.0,0,0
DDoS,1,80,21091.0,3,4,26,11607.0,20,0,8.666667,10.263203,11595,0,2901.75,5795.5005,551562.2777,331.8951211,3515.166667,8311.074718,20474.0,3,586,293.0,410.1219331,583,3.0,21076.0,7025.333333,11650.62236,20474,6.0,0,0,0,0,72.0,92.0,142.2407662,189.6543549,0,11595,1454.125,4097.5376,16800000.0,0,0,0,1,0,0,0,0,1,1661.8572,8.666667,2901.75,72.0,0,0,0,0,0,0,3,26,4,11607.0,8192,229,2,20,0.0,0.0,0.0,0.0,0.0,0.0,0,0
DDoS,1,80,213474.0,3,4,26,11601.0,20,0,8.666667,10.263203,8760,0,2900.25,4128.3193,54465.64921,32.79087851,35579.0,77914.24795,193909.0,96,19094,9547.0,13067.33332,18787,307.0,213325.0,71108.33333,106757.2372,193909,375.0,0,0,0,0,72.0,92.0,14.05323365,18.73764487,0,8760,1453.375,3113.9526,9696700.839,0,0,0,1,0,0,0,0,1,1661.0,8.666667,2900.25,72.0,0,0,0,0,0,0,3,26,4,11601.0,8192,229,2,20,0.0,0.0,0.0,0.0,0.0,0.0,0,0
DDoS,1,80,846520.0,3,5,26,11607.0,20,0,8.666667,10.263203,7215,0,2321.4,3327.7698,13742.14431,9.450455985,120931.4286,318927.7023,844191.0,48,1602,801.0,511.9453096,1163,439.0,846472.0,211618.0,421715.7848,844191,188.0,0,0,0,0,72.0,112.0,3.543920994,5.90653499,0,7215,1292.5555,2650.5857,7025604.278,0,0,0,1,0,0,0,0,1,1454.125,8.666667,2321.4,72.0,0,0,0,0,0,0,3,26,5,11607.0,8192,229,2,20,0.0,0.0,0.0,0.0,0.0,0.0,0,0
DDoS,1,80,1418984.0,4,0,24,0.0,6,6,6.0,0.0,0,0,0.0,0.0,16.91350995,2.818918325,472994.6667,818391.8469,1417992.0,1,1418984,472994.6667,818391.8469,1417992,1.0,0.0,0.0,0.0,0,0.0,0,0,0,0,80.0,0.0,2.818918325,0.0,6,6,6.0,0.0,0.0,0,0,0,0,1,0,0,0,0,7.5,6.0,0.0,80.0,0,0,0,0,0,0,4,24,0,0.0,256,-1,3,20,0.0,0.0,0.0,0.0,0.0,0.0,0,0
DDoS,1,80,74887776.0,8,4,56,11607.0,20,0,7.0,5.656854,11595,0,2901.75,5795.5005,155.7397031,0.16023977,6807979.636,19600000.0,65300000.0,6,73200000,10500000.0,24400000.0,65300000,49.0,1710214.0,570071.3333,984998.0495,1707448,6.0,0,0,0,0,172.0,92.0,0.106826513,0.053413257,0,11595,897.61536,3214.1675,10300000.0,0,0,0,0,1,0,0,0,0,972.4167,7.0,2901.75,172.0,0,0,0,0,0,0,8,56,4,11607.0,256,229,6,20,541.0,0.0,541.0,541.0,36600000.0,40700000.0,65300000,7833133
DDoS,1,80,8043831.0,5,0,30,0.0,6,6,6.0,0.0,0,0,0.0,0.0,3.729566173,0.621594362,2010957.75,4021164.868,8042705.0,1,8043831,2010957.75,4021164.868,8042705,1.0,0.0,0.0,0.0,0,0.0,0,0,0,0,100.0,0.0,0.621594362,0.0,6,6,6.0,0.0,0.0,0,0,0,0,1,0,0,0,0,7.2,6.0,0.0,100.0,0,0,0,0,0,0,5,30,0,0.0,256,-1,4,20,1126.0,0.0,1126.0,1126.0,8042705.0,0.0,8042705,8042705
DDoS,1,80,175626.0,3,5,26,11607.0,20,0,8.666667,10.263203,8675,0,2321.4,3769.5361,66237.34527,45.55134206,25089.42857,66063.09089,174906.0,3,467,233.5,325.9762261,464,3.0,175611.0,43902.75,87335.7637,174906,4.0,0,0,0,0,72.0,112.0,17.08175327,28.46958879,0,8675,1292.5555,2931.4294,8593279.278,0,0,0,1,0,0,0,0,1,1454.125,8.666667,2321.4,72.0,0,0,0,0,0,0,3,26,5,11607.0,8192,229,2,20,0.0,0.0,0.0,0.0,0.0,0.0,0,0
DDoS,1,80,11154845.0,5,0,30,0.0,6,6,6.0,0.0,0,0,0.0,0.0,2.689414331,0.448235722,2788711.25,5573560.217,11100000.0,4,11200000,2788711.25,5573560.217,11100000,4.0,0.0,0.0,0.0,0,0.0,0,0,0,0,100.0,0.0,0.448235722,0.0,6,6,6.0,0.0,0.0,0,0,0,0,1,0,0,0,0,7.2,6.0,0.0,100.0,0,0,0,0,0,0,5,30,0,0.0,256,-1,4,20,5794.0,0.0,5794.0,5794.0,11100000.0,0.0,11100000,11100000
DDoS,1,80,73849513.0,8,6,56,11607.0,20,0,7.0,5.656854,5840,0,1934.5,2538.9192,157.9292744,0.18957471,5680731.769,17300000.0,62200000.0,1,73700000,10500000.0,23200000.0,62200000,1.0,116976.0,23395.2,51758.38407,115981,2.0,0,0,0,0,172.0,132.0,0.108328406,0.081246304,0,5840,777.93335,1804.899,3257660.352,0,0,0,0,1,0,0,0,0,833.5,7.0,1934.5,172.0,0,0,0,0,0,0,8,56,6,11607.0,256,229,6,20,3007.0,0.0,3007.0,3007.0,36900000.0,35900000.0,62200000,11500000
DDoS,1,80,138346.0,3,5,26,11601.0,20,0,8.666667,10.263203,8760,0,2320.2,3668.897,84042.90691,57.82603039,19763.71429,46103.72602,123727.0,93,13886,6943.0,9244.714057,13480,406.0,138236.0,34559.0,59787.57086,123727,189.0,0,0,0,0,72.0,112.0,21.6847614,36.14126899,0,8760,1291.8889,2866.6074,8217438.111,0,0,0,1,0,0,0,0,1,1453.375,8.666667,2320.2,72.0,0,0,0,0,0,0,3,26,5,11601.0,8192,229,2,20,0.0,0.0,0.0,0.0,0.0,0.0,0,0
DDoS,1,80,6527820.0,4,0,24,0.0,6,6,6.0,0.0,0,0,0.0,0.0,3.676571964,0.612761994,2175940.0,3767975.239,6526823.0,5,6527820,2175940.0,3767975.239,6526823,5.0,0.0,0.0,0.0,0,0.0,0,0,0,0,80.0,0.0,0.612761994,0.0,6,6,6.0,0.0,0.0,0,0,0,0,1,0,0,0,0,7.5,6.0,0.0,80.0,0,0,0,0,0,0,4,24,0,0.0,256,-1,3,20,997.0,0.0,997.0,997.0,6526823.0,0.0,6526823,6526823
DDoS,1,80,100137081.0,8,5,56,11607.0,20,0,7.0,5.656854,8760,0,2321.4,3802.3154,116.4703413,0.129822039,8344756.75,27100000.0,94400000.0,1,98900000,14100000.0,35400000.0,94400000,1.0,1220297.0,305074.25,609376.6008,1219139,88.0,0,0,0,0,172.0,112.0,0.079890485,0.049931553,0,8760,833.5,2402.7139,5773033.654,0,0,0,0,1,0,0,0,0,897.61536,7.0,2321.4,172.0,0,0,0,0,0,0,8,56,5,11607.0,256,229,6,20,4488881.0,0.0,4488881.0,4488881.0,94400000.0,0.0,94400000,94400000
DDoS,1,80,78404604.0,8,4,56,11607.0,20,0,7.0,5.656854,11595,0,2901.75,5795.5005,148.7540196,0.153052237,7127691.273,21700000.0,72400000.0,4,76600000,10900000.0,27100000.0,72400000,18.0,1845999.0,615333.0,1065038.128,1845133,4.0,0,0,0,0,172.0,92.0,0.102034824,0.051017412,0,11595,897.61536,3214.1675,10300000.0,0,0,0,0,1,0,0,0,0,972.4167,7.0,2901.75,172.0,0,0,0,0,0,0,8,56,4,11607.0,256,229,6,20,4199836.0,0.0,4199836.0,4199836.0,72400000.0,0.0,72400000,72400000
DoS,1,80,86362404.0,7,6,339,11595.0,339,0,48.42857,128.12996,5792,0,1932.5,2534.0515,138.1851297,0.150528464,7196867.0,24600000.0,85400000.0,1,86400000,14400000.0,34800000.0,85400000,1.0,4767.0,953.4,1867.088857,4291,47.0,0,0,0,0,240.0,200.0,0.081053788,0.069474676,0,5792,852.4286,1849.2506,3419727.956,0,0,0,0,1,0,0,0,0,918.0,48.42857,1932.5,240.0,0,0,0,0,0,0,7,339,6,11595.0,251,235,1,32,4.0,0.0,4.0,4.0,85400000.0,0.0,85400000,85400000
DoS,1,80,99732728.0,7,6,700,11595.0,350,0,100.0,170.78252,5792,0,1932.5,2181.0083,123.2794916,0.130348385,8311060.667,28700000.0,99400000.0,1,99600000,16600000.0,40600000.0,99400000,1.0,358428.0,71685.6,103261.198,224972,46.0,0,0,0,0,232.0,200.0,0.070187592,0.060160793,0,5792,878.2143,1655.7284,2741436.643,0,0,0,0,1,0,0,0,0,945.7692,100.0,1932.5,232.0,0,0,0,0,0,0,7,700,6,11595.0,251,235,2,32,2.0,0.0,2.0,2.0,99400000.0,0.0,99400000,99400000
DoS,1,80,1014.0,2,0,0,0.0,0,0,0.0,0.0,0,0,0.0,0.0,0.0,1972.386588,1014.0,0.0,1014.0,1014,1014,1014.0,0.0,1014,1014.0,0.0,0.0,0.0,0,0.0,0,0,0,0,64.0,0.0,1972.386588,0.0,0,0,0.0,0.0,0.0,0,0,0,0,1,0,0,0,0,0.0,0.0,0.0,64.0,0,0,0,0,0,0,2,0,0,0.0,274,-1,0,32,0.0,0.0,0.0,0.0,0.0,0.0,0,0
DoS,1,80,99702887.0,5,6,365,11595.0,353,0,73.0,156.55351,10136,0,1932.5,4060.2458,119.9564061,0.110327798,9970288.7,31500000.0,99500000.0,54,99600000,24900000.0,49800000.0,99500000,1009.0,99700000.0,19900000.0,44500000.0,99600000,190.0,0,0,0,0,144.0,200.0,0.050148999,0.060178799,0,10136,997.1667,2908.107,8457085.606,1,0,0,0,0,0,0,0,1,1087.8182,73.0,1932.5,144.0,0,0,0,0,0,0,5,365,6,11595.0,0,235,2,20,13985.0,0.0,13985.0,13985.0,99500000.0,0.0,99500000,99500000
DoS,1,80,100001822.0,2,2,16,0.0,8,8,8.0,0.0,0,0,0.0,0.0,0.159997085,0.039999271,33300000.0,57700000.0,100000000.0,39,100000000,100000000.0,0.0,100000000,100000000.0,100000000.0,100000000.0,0.0,100000000,100000000.0,1,0,0,0,64.0,64.0,0.019999636,0.019999636,0,8,4.8,4.3817806,19.2,0,1,0,0,1,0,0,0,1,6.0,8.0,0.0,64.0,0,0,0,0,0,0,2,16,2,0.0,229,235,1,32,84.0,0.0,84.0,84.0,100000000.0,0.0,100000000,100000000
DoS,1,80,100905654.0,6,6,344,11595.0,344,0,57.333332,140.43741,4344,0,1932.5,1754.8314,118.3184443,0.118922969,9173241.273,30400000.0,101000000.0,1,101000000,20200000.0,45100000.0,101000000,1.0,149433.0,29886.6,60722.51709,138181,14.0,0,0,0,0,200.0,200.0,0.059461485,0.059461485,0,4344,918.38464,1498.8397,2246520.59,0,0,0,0,1,0,0,0,1,994.9167,57.333332,1932.5,200.0,0,0,0,0,0,0,6,344,6,11595.0,251,235,1,32,4.0,0.0,4.0,4.0,101000000.0,0.0,101000000,101000000
DoS,1,80,86169957.0,7,7,337,11595.0,319,0,48.142857,119.47444,5792,0,1656.4286,2425.838,138.4705345,0.162469618,6628458.231,23600000.0,85200000.0,14,86200000,14400000.0,34700000.0,85200000,799.0,86200000.0,14400000.0,35200000.0,86200000,14.0,0,0,0,0,204.0,232.0,0.081234809,0.081234809,0,5792,795.86664,1795.1377,3222519.552,1,0,0,0,0,0,0,0,1,852.7143,48.142857,1656.4286,204.0,0,0,0,0,0,0,7,337,7,11595.0,0,235,3,20,6012.0,0.0,6012.0,6012.0,85200000.0,0.0,85200000,85200000
DoS,1,80,1.0,2,0,0,0.0,0,0,0.0,0.0,0,0,0.0,0.0,0.0,2000000.0,1.0,0.0,1.0,1,1,1.0,0.0,1,1.0,0.0,0.0,0.0,0,0.0,0,0,0,0,64.0,0.0,2000000.0,0.0,0,0,0.0,0.0,0.0,0,0,0,0,1,0,0,0,0,0.0,0.0,0.0,64.0,0,0,0,0,0,0,2,0,0,0.0,251,-1,0,32,0.0,0.0,0.0,0.0,0.0,0.0,0,0
DoS,1,80,98212712.0,6,6,319,11595.0,319,0,53.166668,130.2312,5792,0,1932.5,2181.0083,121.3081256,0.122183776,8928428.364,29600000.0,98200000.0,1,98200000,19600000.0,43900000.0,98200000,1.0,49456.0,9891.2,16454.44693,38065,46.0,0,0,0,0,200.0,200.0,0.061091888,0.061091888,0,5792,916.46155,1716.9342,2947863.269,0,0,0,0,1,0,0,0,1,992.8333,53.166668,1932.5,200.0,0,0,0,0,0,0,6,319,6,11595.0,251,235,1,32,2.0,0.0,2.0,2.0,98200000.0,0.0,98200000,98200000
DoS,1,80,98973786.0,7,6,327,11595.0,327,0,46.714287,123.59438,4344,0,1932.5,1754.8314,120.4561377,0.131347911,8247815.5,28500000.0,98800000.0,2,98800000,16500000.0,40300000.0,98800000,2.0,150524.0,30104.8,59611.6635,136193,49.0,0,0,0,0,232.0,200.0,0.070725798,0.060622113,0,4344,851.5714,1461.2692,2135307.648,0,0,0,0,1,0,0,0,0,917.0769,46.714287,1932.5,232.0,0,0,0,0,0,0,7,327,6,11595.0,251,235,1,32,994.0,0.0,994.0,994.0,98800000.0,0.0,98800000,98800000
DoS,1,80,25250.0,2,2,12,11.0,6,6,6.0,0.0,11,0,5.5,7.7781744,910.8910891,158.4158416,8416.666667,12885.89059,23257.0,64,1993,1993.0,0.0,1993,1993.0,25186.0,25186.0,0.0,25186,25186.0,0,0,0,0,40.0,64.0,79.20792079,79.20792079,0,11,5.8,3.8987176,15.2,1,0,0,0,0,0,0,0,1,7.25,6.0,5.5,40.0,0,0,0,0,0,0,2,12,2,11.0,0,235,1,20,0.0,0.0,0.0,0.0,0.0,0.0,0,0
DoS,1,80,63126153.0,7,0,0,0.0,0,0,0.0,0.0,0,0,0.0,0.0,0.0,0.110889064,10500000.0,11900000.0,32100000.0,998763,63100000,10500000.0,11900000.0,32100000,998763.0,0.0,0.0,0.0,0,0.0,0,0,0,0,280.0,0.0,0.110889064,0.0,0,0,0.0,0.0,0.0,0,0,0,1,0,0,0,0,0,0.0,0.0,0.0,280.0,0,0,0,0,0,0,7,0,0,0.0,29200,-1,0,40,7014751.0,0.0,7014751.0,7012554.258,18700000.0,12200000.0,32100000,8015639
DoS,1,80,996.0,2,0,0,0.0,0,0,0.0,0.0,0,0,0.0,0.0,0.0,2008.032129,996.0,0.0,996.0,996,996,996.0,0.0,996,996.0,0.0,0.0,0.0,0,0.0,0,0,0,0,64.0,0.0,2008.032129,0.0,0,0,0.0,0.0,0.0,0,0,0,0,1,0,0,0,0,0.0,0.0,0.0,64.0,0,0,0,0,0,0,2,0,0,0.0,251,-1,0,32,0.0,0.0,0.0,0.0,0.0,0.0,0,0
DoS,1,80,98733727.0,9,5,371,11595.0,371,0,41.22222,123.666664,4344,0,2319.0,2196.7314,121.1946552,0.141795518,7594902.077,27300000.0,98600000.0,1,98600000,12300000.0,34900000.0,98600000,1.0,147501.0,36875.25,66333.32599,136068,65.0,0,0,0,0,296.0,168.0,0.091154262,0.050641257,0,4344,797.73334,1620.9187,2627377.495,0,0,0,0,1,0,0,0,0,854.7143,41.22222,2319.0,296.0,0,0,0,0,0,0,9,371,5,11595.0,251,235,1,32,1982.0,0.0,1982.0,1982.0,98600000.0,0.0,98600000,98600000
DoS,1,80,3.0,2,0,0,0.0,0,0,0.0,0.0,0,0,0.0,0.0,0.0,666666.6667,3.0,0.0,3.0,3,3,3.0,0.0,3,3.0,0.0,0.0,0.0,0,0.0,0,0,0,0,64.0,0.0,666666.6667,0.0,0,0,0.0,0.0,0.0,0,0,0,0,1,0,0,0,0,0.0,0.0,0.0,64.0,0,0,0,0,0,0,2,0,0,0.0,274,-1,0,32,0.0,0.0,0.0,0.0,0.0,0.0,0,0
DoS,1,80,1.0,2,0,0,0.0,0,0,0.0,0.0,0,0,0.0,0.0,0.0,2000000.0,1.0,0.0,1.0,1,1,1.0,0.0,1,1.0,0.0,0.0,0.0,0,0.0,0,0,0,0,64.0,0.0,2000000.0,0.0,0,0,0.0,0.0,0.0,0,0,0,0,1,0,0,0,0,0.0,0.0,0.0,64.0,0,0,0,0,0,0,2,0,0,0.0,251,-1,0,32,0.0,0.0,0.0,0.0,0.0,0.0,0,0
DoS,1,80,100299772.0,7,8,346,11595.0,346,0,49.42857,130.77571,5792,0,1449.375,1894.6804,119.0531121,0.149551686,7164269.429,26500000.0,99200000.0,1,100000000,16700000.0,40400000.0,99200000,1.0,148621.0,21231.57143,50851.82752,136111,2.0,0,0,0,0,240.0,264.0,0.069790787,0.079760899,0,5792,746.3125,1486.432,2209479.963,0,0,0,0,1,0,0,0,1,796.06665,49.42857,1449.375,240.0,0,0,0,0,0,0,7,346,8,11595.0,274,235,1,32,973.0,0.0,973.0,973.0,99200000.0,0.0,99200000,99200000
DoS,1,80,116619355.0,10,5,704,11595.0,352,0,70.4,148.41623,7240,0,2319.0,3331.6382,105.4627682,0.128623589,8329953.929,26800000.0,100000000.0,1,116000000,12900000.0,33200000.0,100000000,1.0,351575.0,87893.75,106590.7654,216096,85.0,0,0,0,0,336.0,168.0,0.085749059,0.04287453,0,7240,768.6875,2034.4004,4138785.163,0,0,0,0,1,0,0,0,0,819.93335,70.4,2319.0,336.0,0,0,0,0,0,0,10,704,5,11595.0,274,235,2,32,1025.0,0.0,1025.0,1025.0,58100000.0,59600000.0,100000000,16000000
DoS,1,80,99553690.0,8,6,383,11595.0,383,0,47.875,135.41095,4344,0,1932.5,1754.8314,120.3169867,0.140627635,7657976.154,27600000.0,99400000.0,1,99400000,14200000.0,37600000.0,99400000,1.0,183371.0,36674.2,75869.03228,172130,16.0,0,0,0,0,264.0,200.0,0.080358649,0.060268987,0,4344,798.5333,1423.9373,2027597.267,0,0,0,0,1,0,0,0,0,855.5714,47.875,1932.5,264.0,0,0,0,0,0,0,8,383,6,11595.0,274,235,1,32,1043.0,0.0,1043.0,1043.0,99400000.0,0.0,99400000,99400000
DoS,1,80,0.0,2,0,0,0.0,0,0,0.0,0.0,0,0,0.0,0.0,4586.600756,109.4759992228,0.0,0.0,0.0,0,0,0.0,0.0,0,0.0,0.0,0.0,0.0,0,0.0,0,0,0,0,64.0,0.0,0.0,0.0,0,0,0.0,0.0,0.0,0,0,0,0,1,0,0,0,0,0.0,0.0,0.0,64.0,0,0,0,0,0,0,2,0,0,0.0,274,-1,0,32,0.0,0.0,0.0,0.0,0.0,0.0,0,0
DoS,1,80,84932152.0,7,6,342,11595.0,318,0,48.857143,118.71455,5792,0,1932.5,2989.5588,140.5474808,0.153063353,7077679.333,24500000.0,84800000.0,2,84800000,14100000.0,34600000.0,84800000,2.0,84900000.0,17000000.0,37900000.0,84800000,73.0,0,0,0,0,184.0,200.0,0.082418729,0.070644625,0,5792,853.0714,2094.089,4385209.302,1,0,0,0,0,0,0,0,0,918.6923,48.857143,1932.5,184.0,0,0,0,0,0,0,7,342,6,11595.0,0,235,4,20,10004.0,0.0,10004.0,10004.0,84800000.0,0.0,84800000,84800000
DoS,1,80,85691240.0,6,8,376,11595.0,358,0,62.666668,144.71304,2896,0,1449.375,1546.5114,139.6992271,0.16337726,6591633.846,23700000.0,85500000.0,35,85600000,17100000.0,38300000.0,85500000,87.0,85700000.0,12200000.0,32300000.0,85500000,35.0,0,0,0,0,164.0,264.0,0.070018826,0.093358434,0,2896,798.4667,1312.3713,1722318.41,1,0,0,0,0,0,0,0,1,855.5,62.666668,1449.375,164.0,0,0,0,0,0,0,6,376,8,11595.0,0,235,3,20,2999.0,0.0,2999.0,2999.0,85500000.0,0.0,85500000,85500000
DoS,1,80,98648489.0,9,6,730,11595.0,365,0,81.111115,160.94987,4344,0,1932.5,1754.8314,124.9385584,0.152055041,7046320.643,26300000.0,98300000.0,2,98500000,12300000.0,34700000.0,98300000,2.0,364417.0,72883.4,104395.6928,225939,16.0,0,0,0,0,296.0,200.0,0.091233024,0.060822016,0,4344,770.3125,1380.2621,1905123.563,0,0,0,0,1,0,0,0,0,821.6667,81.111115,1932.5,296.0,0,0,0,0,0,0,9,730,6,11595.0,251,235,2,32,1763.0,0.0,1763.0,1763.0,98300000.0,0.0,98300000,98300000
DoS,1,80,63153758.0,7,0,0,0.0,0,0,0.0,0.0,0,0,0.0,0.0,0.0,0.110840593,10500000.0,11900000.0,32100000.0,998385,63200000,10500000.0,11900000.0,32100000,998385.0,0.0,0.0,0.0,0,0.0,0,0,0,0,280.0,0.0,0.110840593,0.0,0,0,0.0,0.0,0.0,0,0,0,1,0,0,0,0,0,0.0,0.0,0.0,280.0,0,0,0,0,0,0,7,0,0,0.0,29200,-1,0,40,7010127.0,0.0,7010127.0,7010127.0,18700000.0,12300000.0,32100000,8016105
DoS,1,80,83737121.0,6,6,332,11595.0,332,0,55.333332,135.53844,5792,0,1932.5,2181.0083,142.4338436,0.143305619,7612465.545,25200000.0,83600000.0,1,83600000,16700000.0,37400000.0,83600000,1.0,144419.0,28883.8,59497.27316,135090,46.0,0,0,0,0,200.0,200.0,0.07165281,0.07165281,0,5792,917.46155,1716.561,2946581.769,0,0,0,0,1,0,0,0,1,993.9167,55.333332,1932.5,200.0,0,0,0,0,0,0,6,332,6,11595.0,251,235,1,32,5.0,0.0,5.0,5.0,83600000.0,0.0,83600000,83600000
DoS,1,80,83867345.0,8,5,368,11595.0,368,0,46.0,130.10765,7240,0,2319.0,3331.6382,142.6419305,0.155006695,6988945.417,24200000.0,83700000.0,2,83700000,12000000.0,31600000.0,83700000,2.0,147684.0,36921.0,67167.53656,137426,46.0,0,0,0,0,264.0,168.0,0.095388736,0.05961796,0,7240,854.5,2169.7412,4707776.731,0,0,0,0,1,0,0,0,0,920.2308,46.0,2319.0,264.0,0,0,0,0,0,0,8,368,5,11595.0,274,235,1,32,1993.0,0.0,1993.0,1993.0,83700000.0,0.0,83700000,83700000
DoS,1,80,1146617.0,4,5,346,11595.0,346,0,86.5,173.0,8688,0,2319.0,3774.2375,10414.11387,7.849177188,143327.125,349233.2748,999955.0,5,1011977,337325.6667,573885.2647,999955,5.0,146547.0,36636.75,65348.04668,134301,82.0,0,0,0,0,144.0,168.0,3.488523195,4.360653993,0,8688,1194.1,2783.468,7747694.322,0,0,0,1,0,0,0,0,1,1326.7778,86.5,2319.0,144.0,0,0,0,0,0,0,4,346,5,11595.0,29200,235,1,32,0.0,0.0,0.0,0.0,0.0,0.0,0,0
DoS,1,80,97994994.0,7,6,375,11595.0,375,0,53.57143,141.73668,5792,0,1932.5,2179.547,122.1490967,0.132659838,8166249.5,28300000.0,98000000.0,4,98000000,16300000.0,40000000.0,98000000,4.0,11572.0,2314.4,4837.67964,10968,86.0,0,0,0,0,232.0,200.0,0.07143222,0.061227617,0,5792,855.0,1665.6193,2774287.692,0,0,0,0,1,0,0,0,0,920.7692,53.57143,1932.5,232.0,0,0,0,0,0,0,7,375,6,11595.0,251,235,1,32,751.0,0.0,751.0,751.0,98000000.0,0.0,98000000,98000000
DoS,1,80,1.0,2,0,0,0.0,0,0,0.0,0.0,0,0,0.0,0.0,0.0,2000000.0,1.0,0.0,1.0,1,1,1.0,0.0,1,1.0,0.0,0.0,0.0,0,0.0,0,0,0,0,64.0,0.0,2000000.0,0.0,0,0,0.0,0.0,0.0,0,0,0,0,1,0,0,0,0,0.0,0.0,0.0,64.0,0,0,0,0,0,0,2,0,0,0.0,274,-1,0,32,0.0,0.0,0.0,0.0,0.0,0.0,0,0
DoS,1,80,5009105.0,9,6,371,11632.0,371,0,41.22222,123.666664,10136,0,1938.6666,4056.7705,2396.236453,2.99454693,357793.2143,1335291.399,4997121.0,1,11984,1498.0,2507.389764,6014,1.0,5009022.0,1001804.4,2236501.97,5002579,90.0,0,0,0,0,296.0,200.0,1.796728158,1.197818772,0,10136,750.1875,2529.4353,6398042.962,0,0,0,1,0,0,0,0,0,800.2,41.22222,1938.6666,296.0,0,0,0,0,0,0,9,371,6,11632.0,29200,235,1,32,0.0,0.0,0.0,0.0,0.0,0.0,0,0
DoS,1,80,99875189.0,6,6,391,11595.0,373,0,65.166664,150.83556,5792,0,1932.5,2534.0515,120.0097854,0.12014996,9079562.636,30100000.0,99700000.0,0,99700000,19900000.0,44600000.0,99700000,0.0,144839.0,28967.8,58581.18405,133424,48.0,0,0,0,0,164.0,200.0,0.06007498,0.06007498,0,5792,922.46155,1905.9456,3632628.269,1,0,0,0,0,0,0,0,1,999.3333,65.166664,1932.5,164.0,0,0,0,0,0,0,6,391,6,11595.0,0,235,3,20,14983.0,0.0,14983.0,14983.0,99700000.0,0.0,99700000,99700000
DoS,1,80,98695828.0,5,7,357,11595.0,345,0,71.4,152.97647,4344,0,1656.4286,1760.5973,121.0993437,0.121585686,8972348.0,29700000.0,98700000.0,34,98700000,24700000.0,49300000.0,98700000,993.0,98700000.0,16400000.0,40300000.0,98700000,39.0,0,0,0,0,144.0,232.0,0.050660703,0.070924984,0,4344,919.8461,1497.8906,2243676.474,1,0,0,0,0,0,0,0,1,996.5,71.4,1656.4286,144.0,0,0,0,0,0,0,5,357,7,11595.0,0,235,2,20,12004.0,0.0,12004.0,12004.0,98700000.0,0.0,98700000,98700000
DoS,1,80,86435163.0,7,6,398,11595.0,398,0,56.857143,150.42986,5792,0,1932.5,2537.82,138.7514014,0.150401753,7202930.25,24600000.0,85400000.0,1,86400000,14400000.0,34800000.0,85400000,1.0,1255.0,251.0,305.2515356,789,66.0,0,0,0,0,240.0,200.0,0.080985559,0.069416193,0,5792,856.6429,1850.0453,3422667.632,0,0,0,0,1,0,0,0,0,922.53845,56.857143,1932.5,240.0,0,0,0,0,0,0,7,398,6,11595.0,251,235,1,32,256.0,0.0,256.0,256.0,85400000.0,0.0,85400000,85400000
DoS,1,80,102570559.0,14,3,2541,6.0,231,0,181.5,98.363335,6,0,2.0,3.4641016,24.83168684,0.165739567,6410659.938,13200000.0,51300000.0,3,103000000,7890035.615,14300000.0,51300000,3.0,103000000.0,51300000.0,28100000.0,71200000,31400000.0,0,0,0,0,456.0,100.0,0.136491408,0.029248159,0,231,141.5,115.45473,13329.79412,0,0,0,1,0,0,0,0,0,149.82353,181.5,2.0,456.0,0,0,0,0,0,0,14,2541,3,6.0,29200,0,11,32,3206013.0,4533223.39,6411486.0,540.0,19200000.0,18800000.0,51300000,5769015
DoS,1,80,98736717.0,6,6,389,11595.0,371,0,64.833336,150.01923,10136,0,1932.5,4060.2458,121.3732881,0.121535335,8976065.182,29800000.0,98700000.0,6,98700000,19700000.0,44100000.0,98700000,989.0,98700000.0,19700000.0,44100000.0,98700000,63.0,0,0,0,0,164.0,200.0,0.060767668,0.060767668,0,10136,922.3077,2797.538,7826219.731,1,0,0,0,0,0,0,0,1,999.1667,64.833336,1932.5,164.0,0,0,0,0,0,0,6,389,6,11595.0,0,235,3,20,12003.0,0.0,12003.0,12003.0,98700000.0,0.0,98700000,98700000
DoS,1,80,4.0,2,0,0,0.0,0,0,0.0,0.0,0,0,0.0,0.0,0.0,500000.0,4.0,0.0,4.0,4,4,4.0,0.0,4,4.0,0.0,0.0,0.0,0,0.0,0,0,0,0,64.0,0.0,500000.0,0.0,0,0,0.0,0.0,0.0,0,0,0,0,1,0,0,0,0,0.0,0.0,0.0,64.0,0,0,0,0,0,0,2,0,0,0.0,251,-1,0,32,0.0,0.0,0.0,0.0,0.0,0.0,0,0
DoS,1,80,99698694.0,8,6,307,11595.0,307,0,38.375,108.54089,4344,0,1932.5,1754.8314,119.3796982,0.140423103,7669130.308,27600000.0,99600000.0,1,99600000,14200000.0,37600000.0,99600000,1.0,145466.0,29093.2,58417.94097,133186,32.0,0,0,0,0,264.0,200.0,0.080241773,0.06018133,0,4344,793.4667,1425.6556,2032493.838,0,0,0,0,1,0,0,0,0,850.1429,38.375,1932.5,264.0,0,0,0,0,0,0,8,307,6,11595.0,274,235,1,32,1984.0,0.0,1984.0,1984.0,99600000.0,0.0,99600000,99600000
DoS,1,80,99812804.0,6,7,293,11595.0,293,0,48.833332,119.61675,5792,0,1656.4286,1947.6382,119.102956,0.130243811,8317733.667,28800000.0,99700000.0,4,99700000,19900000.0,44600000.0,99700000,4.0,79617.0,13269.5,27655.366,69142,47.0,0,0,0,0,200.0,232.0,0.060112528,0.070131283,0,5792,849.1429,1567.8818,2458253.516,0,0,0,0,1,0,0,0,1,914.46155,48.833332,1656.4286,200.0,0,0,0,0,0,0,6,293,7,11595.0,274,235,1,32,982.0,0.0,982.0,982.0,99700000.0,0.0,99700000,99700000
DoS,1,80,2010.0,4,0,6,0.0,6,0,1.5,3.0,0,0,0.0,0.0,2985.074627,1990.049751,670.0,1157.010372,2006.0,1,2010,670.0,1157.010372,2006,1.0,0.0,0.0,0.0,0,0.0,0,0,0,0,116.0,0.0,1990.049751,0.0,0,6,1.2,2.6832817,7.2,0,0,0,0,1,0,0,0,0,1.5,1.5,0.0,116.0,0,0,0,0,0,0,4,6,0,0.0,251,-1,1,20,0.0,0.0,0.0,0.0,0.0,0.0,0,0
DoS,1,80,99598818.0,6,7,411,11595.0,393,0,68.5,158.99905,4344,0,1656.4286,1760.5973,120.5435992,0.130523637,8299901.5,28700000.0,99400000.0,4,99400000,19900000.0,44500000.0,99400000,4.0,99600000.0,16600000.0,40600000.0,99400000,12.0,0,0,0,0,164.0,232.0,0.060241679,0.070281959,0,4344,858.0,1458.4713,2127138.615,1,0,0,0,0,0,0,0,1,924.0,68.5,1656.4286,164.0,0,0,0,0,0,0,6,411,7,11595.0,0,235,3,20,14005.0,0.0,14005.0,14005.0,99400000.0,0.0,99400000,99400000
DoS,1,80,85323399.0,6,6,359,11595.0,359,0,59.833332,146.56114,5792,0,1932.5,2181.0083,140.1022479,0.140641373,7756672.636,25700000.0,85200000.0,1,85200000,17000000.0,38100000.0,85200000,198.0,149774.0,29954.8,59347.37929,135574,10.0,0,0,0,0,200.0,200.0,0.070320687,0.070320687,0,5792,919.53845,1715.8098,2944003.269,0,0,0,0,1,0,0,0,1,996.1667,59.833332,1932.5,200.0,0,0,0,0,0,0,6,359,6,11595.0,274,235,1,32,945.0,0.0,945.0,945.0,85200000.0,0.0,85200000,85200000
DoS,1,80,98657750.0,7,6,356,11595.0,350,0,50.857143,131.92856,5792,0,1932.5,2181.0083,121.1359473,0.131768665,8221479.167,28500000.0,98600000.0,12,98600000,16400000.0,40300000.0,98600000,12.0,41439.0,8287.8,12767.02709,29199,46.0,0,0,0,0,220.0,200.0,0.070952358,0.060816307,0,5792,853.6429,1666.6865,2777843.94,0,0,0,0,1,0,0,0,0,919.3077,50.857143,1932.5,220.0,0,0,0,0,0,0,7,356,6,11595.0,251,235,2,20,2985.0,0.0,2985.0,2985.0,98600000.0,0.0,98600000,98600000
DoS,1,80,100021702.0,6,7,370,11595.0,358,0,61.666668,145.20285,4344,0,1656.4286,1760.5973,119.6240392,0.129971794,8335141.833,28500000.0,98900000.0,18,99900000,20000000.0,44100000.0,98900000,1001.0,100000000.0,16700000.0,40800000.0,99900000,18.0,0,0,0,0,184.0,232.0,0.059986982,0.069984812,0,4344,855.0714,1459.6289,2130516.687,1,0,0,0,0,0,0,0,1,920.8461,61.666668,1656.4286,184.0,0,0,0,0,0,0,6,370,7,11595.0,0,235,2,20,13019.0,0.0,13019.0,13019.0,98900000.0,0.0,98900000,98900000
DoS,1,80,1.0,2,0,0,0.0,0,0,0.0,0.0,0,0,0.0,0.0,0.0,2000000.0,1.0,0.0,1.0,1,1,1.0,0.0,1,1.0,0.0,0.0,0.0,0,0.0,0,0,0,0,64.0,0.0,2000000.0,0.0,0,0,0.0,0.0,0.0,0,0,0,0,1,0,0,0,0,0.0,0.0,0.0,64.0,0,0,0,0,0,0,2,0,0,0.0,251,-1,0,32,0.0,0.0,0.0,0.0,0.0,0.0,0,0
DoS,1,80,85469262.0,6,8,349,11595.0,331,0,58.166668,133.69281,5792,0,1449.375,2046.6735,139.7461464,0.163801578,6574558.615,23700000.0,85300000.0,16,85300000,17100000.0,38100000.0,85300000,48.0,85500000.0,12200000.0,32200000.0,85300000,16.0,0,0,0,0,164.0,264.0,0.070200676,0.093600902,0,5792,796.6667,1619.4608,2622653.381,1,0,0,0,0,0,0,0,1,853.5714,58.166668,1449.375,164.0,0,0,0,0,0,0,6,349,8,11595.0,0,235,3,20,10956.0,0.0,10956.0,10956.0,85300000.0,0.0,85300000,85300000
DoS,1,80,98120959.0,8,6,357,11595.0,351,0,44.625,123.812,4344,0,1932.5,1754.8314,121.808838,0.142681035,7547766.077,27200000.0,98100000.0,1,98100000,14000000.0,37100000.0,98100000,1.0,38715.0,7743.0,11653.01397,26419,16.0,0,0,0,0,252.0,200.0,0.08153202,0.061149015,0,4344,796.8,1424.3893,2028884.886,0,0,0,0,1,0,0,0,0,853.7143,44.625,1932.5,252.0,0,0,0,0,0,0,8,357,6,11595.0,274,235,2,20,2009.0,0.0,2009.0,2009.0,98100000.0,0.0,98100000,98100000
DoS,1,80,85987090.0,7,6,305,11595.0,305,0,43.57143,115.27917,5792,0,1932.5,2181.0083,138.392868,0.151185486,7165590.833,24500000.0,85000000.0,4,86000000,14300000.0,34600000.0,85000000,4.0,16479.0,3295.8,7124.510067,16040,45.0,0,0,0,0,240.0,200.0,0.081407569,0.069777917,0,5792,850.0,1668.01,2782257.385,0,0,0,0,1,0,0,0,0,915.38464,43.57143,1932.5,240.0,0,0,0,0,0,0,7,305,6,11595.0,274,235,1,32,987.0,0.0,987.0,987.0,85000000.0,0.0,85000000,85000000
DoS,1,80,66792712.0,7,6,312,11595.0,306,0,44.57143,115.30085,4344,0,1932.5,1754.8314,178.2679523,0.194632013,5566059.333,19200000.0,66600000.0,1,66700000,11100000.0,27200000.0,66600000,1.0,149563.0,29912.6,58707.43424,134293,15.0,0,0,0,0,220.0,200.0,0.104801853,0.08983016,0,4344,850.5,1461.5922,2136251.808,0,0,0,0,1,0,0,0,0,915.9231,44.57143,1932.5,220.0,0,0,0,0,0,0,7,312,6,11595.0,274,235,2,20,1986.0,0.0,1986.0,1986.0,66600000.0,0.0,66600000,66600000
DoS,1,80,100461697.0,7,6,760,11595.0,380,0,108.57143,185.42102,5792,0,1932.5,2181.0083,122.9821949,0.129402552,8371808.083,28900000.0,100000000.0,1,100000000,16700000.0,40900000.0,100000000,1.0,348410.0,69682.0,100475.2965,219146,45.0,0,0,0,0,232.0,200.0,0.069678297,0.059724255,0,5792,882.5,1654.2913,2736679.5,0,0,0,0,1,0,0,0,0,950.38464,108.57143,1932.5,232.0,0,0,0,0,0,0,7,760,6,11595.0,274,235,2,32,8.0,0.0,8.0,8.0,100000000.0,0.0,100000000,100000000
DoS,1,80,999.0,2,0,0,0.0,0,0,0.0,0.0,0,0,0.0,0.0,0.0,2002.002002,999.0,0.0,999.0,999,999,999.0,0.0,999,999.0,0.0,0.0,0.0,0,0.0,0,0,0,0,64.0,0.0,2002.002002,0.0,0,0,0.0,0.0,0.0,0,0,0,0,1,0,0,0,0,0.0,0.0,0.0,64.0,0,0,0,0,0,0,2,0,0,0.0,251,-1,0,32,0.0,0.0,0.0,0.0,0.0,0.0,0,0
DoS,1,80,98694365.0,9,6,348,11595.0,348,0,38.666668,116.0,5792,0,1932.5,2181.0083,121.0099482,0.151984361,7049597.5,26300000.0,98500000.0,5,98600000,12300000.0,34800000.0,98500000,5.0,143429.0,28685.8,58033.9197,132157,45.0,0,0,0,0,296.0,200.0,0.091190617,0.060793744,0,5792,746.4375,1578.9812,2493181.463,0,0,0,0,1,0,0,0,0,796.2,38.666668,1932.5,296.0,0,0,0,0,0,0,9,348,6,11595.0,251,235,1,32,1232.0,0.0,1232.0,1232.0,98500000.0,0.0,98500000,98500000
DoS,1,80,98693416.0,5,7,412,11595.0,400,0,82.4,177.56914,5792,0,1656.4286,2277.2324,121.6595847,0.121588658,8972128.727,29700000.0,98600000.0,49,98600000,24700000.0,49300000.0,98600000,49.0,98700000.0,16400000.0,40300000.0,98600000,201.0,0,0,0,0,144.0,232.0,0.050661941,0.070926717,0,5792,924.0769,1811.5415,3281682.41,1,0,0,0,0,0,0,0,1,1001.0833,82.4,1656.4286,144.0,0,0,0,0,0,0,5,412,7,11595.0,0,235,2,20,10996.0,0.0,10996.0,10996.0,98600000.0,0.0,98600000,98600000
DoS,1,80,98256608.0,6,7,435,11595.0,417,0,72.5,168.79544,8688,0,1656.4286,3175.438,122.4345135,0.132306623,8188050.667,28400000.0,98200000.0,1,98300000,19700000.0,43900000.0,98200000,1.0,98300000.0,16400000.0,40100000.0,98300000,2.0,0,0,0,0,164.0,232.0,0.061064595,0.071242028,0,8688,859.7143,2312.728,5348710.835,1,0,0,0,0,0,0,0,1,925.8461,72.5,1656.4286,164.0,0,0,0,0,0,0,6,435,7,11595.0,0,235,3,20,12010.0,0.0,12010.0,12010.0,98200000.0,0.0,98200000,98200000
DoS,1,80,984.0,2,0,0,0.0,0,0,0.0,0.0,0,0,0.0,0.0,0.0,2032.520325,984.0,0.0,984.0,984,984,984.0,0.0,984,984.0,0.0,0.0,0.0,0,0.0,0,0,0,0,64.0,0.0,2032.520325,0.0,0,0,0.0,0.0,0.0,0,0,0,0,1,0,0,0,0,0.0,0.0,0.0,64.0,0,0,0,0,0,0,2,0,0,0.0,251,-1,0,32,0.0,0.0,0.0,0.0,0.0,0.0,0,0
DoS,1,80,97702820.0,7,6,333,11595.0,333,0,47.57143,125.86217,5792,0,1932.5,2181.0083,122.0845007,0.133056548,8141901.667,28200000.0,97700000.0,3,97700000,16300000.0,39900000.0,97700000,3.0,11503.0,2300.6,4875.384118,11021,45.0,0,0,0,0,232.0,200.0,0.071645834,0.061410715,0,5792,852.0,1667.3229,2779965.692,0,0,0,0,1,0,0,0,0,917.53845,47.57143,1932.5,232.0,0,0,0,0,0,0,7,333,6,11595.0,274,235,1,32,1030.0,0.0,1030.0,1030.0,97700000.0,0.0,97700000,97700000
DoS,1,80,83832211.0,7,5,327,11595.0,327,0,46.714287,123.59438,5792,0,2319.0,3170.4038,142.2126395,0.143143069,7621110.091,25200000.0,83700000.0,3,83700000,13900000.0,34200000.0,83700000,3.0,148569.0,37142.25,65052.48354,134217,74.0,0,0,0,0,232.0,168.0,0.083500124,0.059642946,0,5792,917.0769,2165.4136,4689015.577,0,0,0,0,1,0,0,0,0,993.5,46.714287,2319.0,232.0,0,0,0,0,0,0,7,327,5,11595.0,274,235,1,32,1978.0,0.0,1978.0,1978.0,83700000.0,0.0,83700000,83700000
DoS,1,80,97661751.0,9,4,378,11595.0,378,0,42.0,126.0,10147,0,2898.75,4880.14,122.5966141,0.133112502,8138479.25,28200000.0,97600000.0,1,97600000,12200000.0,34500000.0,97600000,1.0,34491.0,11497.0,15552.46964,29229,169.0,0,0,0,0,296.0,136.0,0.092154809,0.040957693,0,10147,855.2143,2702.7297,7304747.412,0,0,0,0,1,0,0,0,0,921.0,42.0,2898.75,296.0,0,0,0,0,0,0,9,378,4,11595.0,251,235,1,32,1006.0,0.0,1006.0,1006.0,97600000.0,0.0,97600000,97600000
DoS,1,80,11.0,1,1,8,0.0,8,8,8.0,0.0,0,0,0.0,0.0,727272.7273,181818.1818,11.0,0.0,11.0,11,0,0.0,0.0,0,0.0,0.0,0.0,0.0,0,0.0,1,0,0,0,32.0,32.0,90909.09091,90909.09091,0,8,5.3333335,4.618802,21.33333333,0,1,0,0,1,0,0,0,1,8.0,8.0,0.0,32.0,0,0,0,0,0,0,1,8,1,0.0,229,235,0,32,0.0,0.0,0.0,0.0,0.0,0.0,0,0
DoS,1,80,99021699.0,7,5,292,11595.0,286,0,41.714287,107.74308,5792,0,2319.0,3170.4038,120.0443955,0.12118556,9001972.636,29800000.0,98900000.0,2,98900000,16500000.0,40400000.0,98900000,2.0,150247.0,37561.75,67884.05172,139102,85.0,0,0,0,0,220.0,168.0,0.070691576,0.050493983,0,5792,914.38464,2166.1638,4692265.923,0,0,0,0,1,0,0,0,0,990.5833,41.714287,2319.0,220.0,0,0,0,0,0,0,7,292,5,11595.0,274,235,2,20,2004.0,0.0,2004.0,2004.0,98900000.0,0.0,98900000,98900000
DoS,1,80,83076120.0,7,6,330,11595.0,324,0,47.142857,122.103004,5792,0,1932.5,2181.0083,143.5430542,0.156482994,6923010.0,23900000.0,82900000.0,1,82900000,13800000.0,33900000.0,82900000,1.0,141445.0,28289.0,56611.61865,129137,45.0,0,0,0,0,220.0,200.0,0.084260074,0.07222292,0,5792,851.7857,1667.3053,2779906.797,0,0,0,0,1,0,0,0,0,917.3077,47.142857,1932.5,220.0,0,0,0,0,0,0,7,330,6,11595.0,251,235,2,20,995.0,0.0,995.0,995.0,82900000.0,0.0,82900000,82900000
DoS,1,80,5.0,2,0,0,0.0,0,0,0.0,0.0,0,0,0.0,0.0,0.0,400000.0,5.0,0.0,5.0,5,5,5.0,0.0,5,5.0,0.0,0.0,0.0,0,0.0,0,0,0,0,64.0,0.0,400000.0,0.0,0,0,0.0,0.0,0.0,0,0,0,0,1,0,0,0,0,0.0,0.0,0.0,64.0,0,0,0,0,0,0,2,0,0,0.0,274,-1,0,32,0.0,0.0,0.0,0.0,0.0,0.0,0,0
DoS,1,80,11869034.0,7,5,511,11632.0,511,0,73.0,193.13985,5840,0,2326.4,3185.5996,1023.082418,1.011034259,1079003.091,2434883.839,6859143.0,31,6864490,1144081.667,2801695.181,6863018,193.0,11900000.0,2967250.75,3508043.393,6859143,138.0,0,0,0,0,232.0,168.0,0.589769985,0.421264275,0,5840,934.0769,2171.2417,4714290.744,0,0,0,1,0,0,0,0,0,1011.9167,73.0,2326.4,232.0,0,0,0,0,0,0,7,511,5,11632.0,29200,235,1,32,804.0,0.0,804.0,804.0,6859143.0,0.0,6859143,6859143
DoS,1,80,1.0,2,0,0,0.0,0,0,0.0,0.0,0,0,0.0,0.0,0.0,2000000.0,1.0,0.0,1.0,1,1,1.0,0.0,1,1.0,0.0,0.0,0.0,0,0.0,0,0,0,0,64.0,0.0,2000000.0,0.0,0,0,0.0,0.0,0.0,0,0,0,0,1,0,0,0,0,0.0,0.0,0.0,64.0,0,0,0,0,0,0,2,0,0,0.0,251,-1,0,32,0.0,0.0,0.0,0.0,0.0,0.0,0,0
DoS,1,80,98529715.0,8,6,688,11595.0,341,0,86.0,157.40303,5792,0,1932.5,2181.0083,124.6628999,0.142089115,7579208.846,27200000.0,98200000.0,0,98400000,14100000.0,37100000.0,98200000,2.0,353430.0,70686.0,100393.9861,214941,47.0,0,0,0,0,252.0,200.0,0.08119378,0.060895335,0,5792,818.86664,1611.6935,2597555.695,0,0,0,0,1,0,0,0,0,877.3571,86.0,1932.5,252.0,0,0,0,0,0,0,8,688,6,11595.0,274,235,3,20,2004.0,0.0,2004.0,2004.0,98200000.0,0.0,98200000,98200000
DoS,1,80,99141878.0,6,8,340,11595.0,322,0,56.666668,130.01949,4344,0,1449.375,1729.3801,120.3830333,0.141211769,7626298.308,27400000.0,99000000.0,1,99000000,19800000.0,44300000.0,99000000,1.0,99100000.0,14200000.0,37400000.0,99000000,15.0,0,0,0,0,164.0,264.0,0.06051933,0.08069244,0,4344,796.06665,1422.7435,2024199.21,1,0,0,0,0,0,0,0,1,852.9286,56.666668,1449.375,164.0,0,0,0,0,0,0,6,340,8,11595.0,0,235,3,20,14002.0,0.0,14002.0,14002.0,99000000.0,0.0,99000000,99000000
DoS,1,80,100264771.0,8,7,1440,11595.0,357,0,180.0,189.23454,7240,0,1656.4286,2566.8853,130.0057824,0.149603892,7161769.357,26500000.0,99300000.0,9,100000000,14300000.0,37500000.0,99300000,9.0,100000000.0,16700000.0,40500000.0,99300000,63.0,0,0,0,0,240.0,232.0,0.079788743,0.06981515,0,7240,815.0625,1800.3771,3241357.529,1,0,0,0,0,0,0,0,0,869.4,180.0,1656.4286,240.0,0,0,0,0,0,0,8,1440,7,11595.0,0,235,5,20,11990.0,0.0,11990.0,11990.0,99300000.0,0.0,99300000,99300000
DoS,1,80,3.0,2,0,0,0.0,0,0,0.0,0.0,0,0,0.0,0.0,0.0,666666.6667,3.0,0.0,3.0,3,3,3.0,0.0,3,3.0,0.0,0.0,0.0,0,0.0,0,0,0,0,64.0,0.0,666666.6667,0.0,0,0,0.0,0.0,0.0,0,0,0,0,1,0,0,0,0,0.0,0.0,0.0,64.0,0,0,0,0,0,0,2,0,0,0.0,274,-1,0,32,0.0,0.0,0.0,0.0,0.0,0.0,0,0
DoS,1,80,83290083.0,5,6,369,11595.0,357,0,73.8,158.34204,8688,0,1932.5,3506.0217,143.6425511,0.132068544,8329008.3,26300000.0,83100000.0,4,83200000,20800000.0,41600000.0,83100000,4.0,83300000.0,16700000.0,37200000.0,83100000,51.0,0,0,0,0,144.0,200.0,0.060031156,0.072037388,0,8688,997.5,2559.3992,6550523.909,1,0,0,0,0,0,0,0,1,1088.1818,73.8,1932.5,144.0,0,0,0,0,0,0,5,369,6,11595.0,0,235,2,20,11953.0,0.0,11953.0,11953.0,83100000.0,0.0,83100000,83100000
DoS,1,80,3.0,2,0,0,0.0,0,0,0.0,0.0,0,0,0.0,0.0,0.0,666666.6667,3.0,0.0,3.0,3,3,3.0,0.0,3,3.0,0.0,0.0,0.0,0,0.0,0,0,0,0,64.0,0.0,666666.6667,0.0,0,0,0.0,0.0,0.0,0,0,0,0,1,0,0,0,0,0.0,0.0,0.0,64.0,0,0,0,0,0,0,2,0,0,0.0,251,-1,0,32,0.0,0.0,0.0,0.0,0.0,0.0,0,0
DoS,1,80,98316067.0,7,7,400,11595.0,394,0,57.142857,148.55687,4344,0,1656.4286,1757.579,122.0044736,0.142397885,7562774.385,27300000.0,98300000.0,3,98300000,16400000.0,40100000.0,98300000,3.0,31774.0,5295.666667,8794.426227,21334,17.0,0,0,0,0,220.0,232.0,0.071198942,0.071198942,0,4344,799.6667,1421.8716,2021718.81,0,0,0,0,1,0,0,0,1,856.7857,57.142857,1656.4286,220.0,0,0,0,0,0,0,7,400,7,11595.0,251,235,2,20,955.0,0.0,955.0,955.0,98300000.0,0.0,98300000,98300000
DoS,1,80,0.0,2,0,0,0.0,0,0,0.0,0.0,0,0,0.0,0.0,4586.600756,109.4759992228,0.0,0.0,0.0,0,0,0.0,0.0,0,0.0,0.0,0.0,0.0,0,0.0,0,0,0,0,64.0,0.0,0.0,0.0,0,0,0.0,0.0,0.0,0,0,0,0,1,0,0,0,0,0.0,0.0,0.0,64.0,0,0,0,0,0,0,2,0,0,0.0,274,-1,0,32,0.0,0.0,0.0,0.0,0.0,0.0,0,0
DoS,1,80,84942253.0,5,7,300,11595.0,288,0,60.0,127.49117,5792,0,1656.4286,2120.7322,140.0363138,0.141272448,7722023.0,25600000.0,84800000.0,9,84800000,21200000.0,42400000.0,84800000,1016.0,84900000.0,14200000.0,34600000.0,84800000,11.0,0,0,0,0,144.0,232.0,0.05886352,0.082408928,0,5792,915.46155,1717.0582,2948288.769,1,0,0,0,0,0,0,0,1,991.75,60.0,1656.4286,144.0,0,0,0,0,0,0,5,300,7,11595.0,0,235,2,20,4253.0,0.0,4253.0,4253.0,84800000.0,0.0,84800000,84800000
DoS,1,80,100396432.0,5,8,309,11595.0,297,0,61.8,131.51501,4344,0,1449.375,1729.3801,118.5699508,0.129486673,8366369.333,28900000.0,100000000.0,12,100000000,25100000.0,50100000.0,100000000,989.0,100000000.0,14300000.0,37900000.0,100000000,16.0,0,0,0,0,144.0,264.0,0.049802567,0.079684107,0,4344,850.7143,1459.6392,2130546.374,1,0,0,0,0,0,0,0,1,916.1539,61.8,1449.375,144.0,0,0,0,0,0,0,5,309,8,11595.0,0,235,2,20,11001.0,0.0,11001.0,11001.0,100000000.0,0.0,100000000,100000000
DoS,1,80,85095217.0,7,6,308,11595.0,308,0,44.0,116.413055,7240,0,1932.5,2695.6392,139.8786021,0.152770043,7091268.083,24500000.0,85000000.0,0,85000000,14200000.0,34700000.0,85000000,0.0,144517.0,28903.4,57410.55385,131113,71.0,0,0,0,0,232.0,200.0,0.082260793,0.070509251,0,7240,850.2143,1935.7855,3747265.566,0,0,0,0,1,0,0,0,0,915.61536,44.0,1932.5,232.0,0,0,0,0,0,0,7,308,6,11595.0,274,235,1,32,2.0,0.0,2.0,2.0,85000000.0,0.0,85000000,85000000
DoS,1,80,85606206.0,10,7,291,11595.0,291,0,29.1,92.02228,4344,0,1656.4286,1757.579,138.8450739,0.198583734,5350387.875,21100000.0,84500000.0,1,85500000,9500175.444,28100000.0,84500000,1.0,119561.0,19926.83333,41679.68025,104140,48.0,0,0,0,0,336.0,232.0,0.116813961,0.081769773,0,4344,660.3333,1327.9075,1763338.353,0,0,0,0,1,0,0,0,0,699.17645,29.1,1656.4286,336.0,0,0,0,0,0,0,10,291,7,11595.0,251,235,1,32,3032.0,0.0,3032.0,3032.0,84500000.0,0.0,84500000,84500000
DoS,1,80,98749909.0,9,7,306,11595.0,306,0,34.0,102.0,4344,0,1656.4286,1547.7377,120.5165668,0.162025466,6583327.267,25500000.0,98700000.0,1,98700000,12300000.0,34900000.0,98700000,1.0,37664.0,6277.333333,9788.691244,22069,48.0,0,0,0,0,296.0,232.0,0.091139324,0.070886141,0,4344,700.05884,1258.5079,1583842.309,0,0,0,0,1,0,0,0,0,743.8125,34.0,1656.4286,296.0,0,0,0,0,0,0,9,306,7,11595.0,251,235,1,32,998.0,0.0,998.0,998.0,98700000.0,0.0,98700000,98700000
DoS,1,80,99604857.0,6,5,359,11595.0,359,0,59.833332,146.56114,7240,0,2319.0,3003.1711,120.0142278,0.110436382,9960485.7,31400000.0,99500000.0,2,99500000,19900000.0,44500000.0,99500000,2.0,150598.0,37649.5,67361.58211,138342,9.0,0,0,0,0,200.0,168.0,0.060238026,0.050198355,0,7240,996.1667,2157.1375,4653241.606,0,0,0,0,1,0,0,0,0,1086.7273,59.833332,2319.0,200.0,0,0,0,0,0,0,6,359,5,11595.0,251,235,1,32,5.0,0.0,5.0,5.0,99500000.0,0.0,99500000,99500000
DoS,1,80,5.0,4,0,0,0.0,0,0,0.0,0.0,0,0,0.0,0.0,0.0,800000.0,1.666666667,1.154700538,3.0,1,5,1.666666667,1.154700538,3,1.0,0.0,0.0,0.0,0,0.0,0,0,0,0,128.0,0.0,800000.0,0.0,0,0,0.0,0.0,0.0,0,0,0,0,1,0,0,0,0,0.0,0.0,0.0,128.0,0,0,0,0,0,0,4,0,0,0.0,251,-1,0,32,0.0,0.0,0.0,0.0,0.0,0.0,0,0
DoS,1,80,84456180.0,6,7,424,11595.0,406,0,70.666664,164.3054,8688,0,1656.4286,3174.6018,142.3104857,0.153925977,7038015.0,24300000.0,84300000.0,0,84300000,16900000.0,37700000.0,84300000,0.0,84500000.0,14100000.0,34400000.0,84300000,48.0,0,0,0,0,164.0,232.0,0.071042759,0.082883218,0,8688,858.9286,2312.362,5347018.225,1,0,0,0,0,0,0,0,1,925.0,70.666664,1656.4286,164.0,0,0,0,0,0,0,6,424,7,11595.0,0,235,3,20,9990.0,0.0,9990.0,9990.0,84300000.0,0.0,84300000,84300000
DoS,1,80,25559.0,1,2,6,11.0,6,6,6.0,0.0,11,0,5.5,7.7781744,665.1277437,117.3754842,12779.5,17992.33205,25502.0,57,0,0.0,0.0,0,0.0,25502.0,25502.0,0.0,25502,25502.0,0,0,0,0,20.0,64.0,39.12516139,78.25032278,0,11,5.75,4.5,20.25,1,0,0,0,0,0,0,0,2,7.6666665,6.0,5.5,20.0,0,0,0,0,0,0,1,6,2,11.0,0,235,0,20,0.0,0.0,0.0,0.0,0.0,0.0,0,0
DoS,1,80,98336874.0,5,8,330,11595.0,318,0,66.0,140.90422,4344,0,1449.375,1729.3801,121.26682,0.13219863,8194739.5,28400000.0,98300000.0,18,98300000,24600000.0,49100000.0,98300000,996.0,98300000.0,14000000.0,37100000.0,98300000,47.0,0,0,0,0,144.0,264.0,0.050845627,0.081353003,0,4344,852.2143,1459.037,2128788.951,1,0,0,0,0,0,0,0,1,917.7692,66.0,1449.375,144.0,0,0,0,0,0,0,5,330,8,11595.0,0,235,2,20,13995.0,0.0,13995.0,13995.0,98300000.0,0.0,98300000,98300000
DoS,1,80,68724800.0,8,6,306,11595.0,306,0,38.25,108.18734,4344,0,1932.5,2178.085,173.1689288,0.203711033,5286523.077,19000000.0,68600000.0,0,68600000,9798723.286,25900000.0,68600000,0.0,148694.0,29738.8,58219.545,133250,81.0,0,0,0,0,264.0,200.0,0.116406305,0.087304728,0,4344,793.4,1620.8241,2627070.829,0,0,0,0,1,0,0,0,0,850.0714,38.25,1932.5,264.0,0,0,0,0,0,0,8,306,6,11595.0,251,235,1,32,998.0,0.0,998.0,998.0,68600000.0,0.0,68600000,68600000
DoS,1,80,101590180.0,9,6,1697,11595.0,337,0,188.55556,176.04623,8688,0,1932.5,3506.0217,130.8394177,0.147652066,7256441.429,26700000.0,99900000.0,2,102000000,12700000.0,35200000.0,99900000,2.0,102000000.0,20300000.0,44500000.0,99900000,156.0,0,0,0,0,272.0,200.0,0.08859124,0.059060827,0,8688,831.125,2211.846,4892262.25,1,0,0,0,0,0,0,0,0,886.5333,188.55556,1932.5,272.0,0,0,0,0,0,0,9,1697,6,11595.0,0,235,6,20,11013.0,0.0,11013.0,11013.0,99900000.0,0.0,99900000,99900000
Generic,1,8080,1029428.0,3,3,0,18.0,0,0,0.0,0.0,6,6,6.0,0.0,17.48543852,5.828479505,205885.6,281267.6889,515202.0,431,1028968,514484.0,1624.931383,515633,513335.0,1028886.0,514443.0,1723.926333,515662,513224.0,0,0,0,0,92.0,60.0,2.914239753,2.914239753,0,6,2.5714285,3.207135,10.28571429,0,0,0,1,0,0,0,0,1,3.0,0.0,6.0,92.0,0,0,0,0,0,0,3,0,3,18.0,8192,0,0,28,0.0,0.0,0.0,0.0,0.0,0.0,0,0
Generic,1,4298,41.0,1,1,6,6.0,6,6,6.0,0.0,6,6,6.0,0.0,292682.9268,48780.4878,41.0,0.0,41.0,41,0,0.0,0.0,0,0.0,0.0,0.0,0.0,0,0.0,0,0,0,0,20.0,20.0,24390.2439,24390.2439,6,6,6.0,0.0,0.0,0,0,0,0,1,1,0,0,1,9.0,6.0,6.0,20.0,0,0,0,0,0,0,1,6,1,6.0,237,256,0,20,0.0,0.0,0.0,0.0,0.0,0.0,0,0
Generic,1,51734,18.0,1,1,6,6.0,6,6,6.0,0.0,6,6,6.0,0.0,666666.6667,111111.1111,18.0,0.0,18.0,18,0,0.0,0.0,0,0.0,0.0,0.0,0.0,0,0.0,0,0,0,0,20.0,20.0,55555.55556,55555.55556,6,6,6.0,0.0,0.0,0,0,0,0,1,1,0,0,1,9.0,6.0,6.0,20.0,0,0,0,0,0,0,1,6,1,6.0,237,256,0,20,0.0,0.0,0.0,0.0,0.0,0.0,0,0
Generic,1,52206,67.0,1,1,6,6.0,6,6,6.0,0.0,6,6,6.0,0.0,179104.4776,29850.74627,67.0,0.0,67.0,67,0,0.0,0.0,0,0.0,0.0,0.0,0.0,0,0.0,0,0,0,0,20.0,20.0,14925.37313,14925.37313,6,6,6.0,0.0,0.0,0,0,0,0,1,1,0,0,1,9.0,6.0,6.0,20.0,0,0,0,0,0,0,1,6,1,6.0,237,256,0,20,0.0,0.0,0.0,0.0,0.0,0.0,0,0
Generic,1,8080,997356.0,3,3,0,18.0,0,0,0.0,0.0,6,6,6.0,0.0,18.04771817,6.015906056,199471.2,272198.5193,498503.0,614,996609,498304.5,1266.428245,499200,497409.0,996742.0,498371.0,1243.093721,499250,497492.0,0,0,0,0,92.0,60.0,3.007953028,3.007953028,0,6,2.5714285,3.207135,10.28571429,0,0,0,1,0,0,0,0,1,3.0,0.0,6.0,92.0,0,0,0,0,0,0,3,0,3,18.0,8192,0,0,28,0.0,0.0,0.0,0.0,0.0,0.0,0,0
Generic,1,8080,97097.0,26,46,34336,392.0,10135,0,2321.4,3404.37,128,0,8.521739,18.029284,1151384.698,741.5265147,1367.56338,10060.41675,84926.0,0,97097,3883.88,17870.36424,89654,7.0,95753.0,2127.844444,12626.87364,84926,0.0,0,0,0,0,532.0,932.0,267.7734636,473.7530511,0,11595,1454.125,2876.851,8276271.807,0,0,0,1,0,0,0,0,1,1552.7222,2321.4,8.521739,532.0,0,0,0,0,0,0,26,34336,46,392.0,8192,1164,25,20,0.0,0.0,0.0,0.0,0.0,0.0,0,0
Generic,1,8080,63897.0,4,3,207,134.0,195,0,51.75,95.54188,128,0,44.666668,72.23111,5336.713774,109.5513091,10649.5,25151.13383,61985.0,19,63897,21299.0,36400.01236,63329,19.0,62533.0,31266.5,43442.51932,61985,548.0,0,0,0,0,92.0,72.0,62.60074808,46.95056106,0,195,42.625,75.57577,5711.696429,0,0,0,1,0,0,0,0,0,48.714287,51.75,44.666668,92.0,0,0,0,0,0,0,4,207,3,134.0,8192,237,3,20,0.0,0.0,0.0,0.0,0.0,0.0,0,0
Generic,1,2876,0.0,1,1,6,6.0,6,6,6.0,0.0,6,6,6.0,0.0,4586.600756,109.4759992228,0.0,0.0,0.0,0,0,0.0,0.0,0,0.0,0.0,0.0,0.0,0,0.0,0,0,0,0,20.0,20.0,0.0,0.0,6,6,6.0,0.0,0.0,0,0,0,0,1,1,0,0,1,9.0,6.0,6.0,20.0,0,0,0,0,0,0,1,6,1,6.0,237,16393,0,20,0.0,0.0,0.0,0.0,0.0,0.0,0,0
Generic,1,53882,39.0,1,1,6,6.0,6,6,6.0,0.0,6,6,6.0,0.0,307692.3077,51282.05128,39.0,0.0,39.0,39,0,0.0,0.0,0,0.0,0.0,0.0,0.0,0,0.0,0,0,0,0,20.0,20.0,25641.02564,25641.02564,6,6,6.0,0.0,0.0,0,0,0,0,1,1,0,0,1,9.0,6.0,6.0,20.0,0,0,0,0,0,0,1,6,1,6.0,237,256,0,20,0.0,0.0,0.0,0.0,0.0,0.0,0,0
Generic,1,52940,65.0,1,1,6,6.0,6,6,6.0,0.0,6,6,6.0,0.0,184615.3846,30769.23077,65.0,0.0,65.0,65,0,0.0,0.0,0,0.0,0.0,0.0,0.0,0,0.0,0,0,0,0,20.0,20.0,15384.61538,15384.61538,6,6,6.0,0.0,0.0,0,0,0,0,1,1,0,0,1,9.0,6.0,6.0,20.0,0,0,0,0,0,0,1,6,1,6.0,237,256,0,20,0.0,0.0,0.0,0.0,0.0,0.0,0,0
Generic,1,80,5555702.0,3,1,0,0.0,0,0,0.0,0.0,0,0,0.0,0.0,0.0,0.719981021,1851900.667,3206847.338,5554849.0,145,5555702,2777851.0,3927268.234,5554849,853.0,0.0,0.0,0.0,0,0.0,0,0,0,0,104.0,40.0,0.539985766,0.179995255,0,0,0.0,0.0,0.0,0,0,0,1,0,0,0,0,0,0.0,0.0,0.0,104.0,0,0,0,0,0,0,3,0,1,0.0,29200,28960,0,32,0.0,0.0,0.0,0.0,0.0,0.0,0,0
Generic,1,80,5586334.0,3,1,0,0.0,0,0,0.0,0.0,0,0,0.0,0.0,0.0,0.716033091,1862111.333,3224485.971,5585427.0,117,5586334,2793167.0,3948851.962,5585427,907.0,0.0,0.0,0.0,0,0.0,0,0,0,0,104.0,40.0,0.537024818,0.179008273,0,0,0.0,0.0,0.0,0,0,0,1,0,0,0,0,0,0.0,0.0,0.0,104.0,0,0,0,0,0,0,3,0,1,0.0,29200,28960,0,32,0.0,0.0,0.0,0.0,0.0,0.0,0,0
Generic,1,80,5359968.0,3,1,0,0.0,0,0,0.0,0.0,0,0,0.0,0.0,0.0,0.746273112,1786656.0,3093813.417,5359084.0,125,5359968,2679984.0,3788819.555,5359084,884.0,0.0,0.0,0.0,0,0.0,0,0,0,0,104.0,40.0,0.559704834,0.186568278,0,0,0.0,0.0,0.0,0,0,0,1,0,0,0,0,0,0.0,0.0,0.0,104.0,0,0,0,0,0,0,3,0,1,0.0,29200,28960,0,32,0.0,0.0,0.0,0.0,0.0,0.0,0,0
Generic,1,8080,79794.0,4,3,207,134.0,195,0,51.75,95.54188,128,0,44.666668,72.23111,4273.504274,87.72589418,13299.0,31630.2195,77861.0,44,79794,26598.0,45542.38344,79185,51.0,78454.0,39227.0,54636.72677,77861,593.0,0,0,0,0,92.0,72.0,50.12908239,37.59681179,0,195,42.625,75.57577,5711.696429,0,0,0,1,0,0,0,0,0,48.714287,51.75,44.666668,92.0,0,0,0,0,0,0,4,207,3,134.0,8192,237,3,20,0.0,0.0,0.0,0.0,0.0,0.0,0,0
Generic,1,52347,29.0,1,1,6,6.0,6,6,6.0,0.0,6,6,6.0,0.0,413793.1034,68965.51724,29.0,0.0,29.0,29,0,0.0,0.0,0,0.0,0.0,0.0,0.0,0,0.0,0,0,0,0,20.0,20.0,34482.75862,34482.75862,6,6,6.0,0.0,0.0,0,0,0,0,1,1,0,0,1,9.0,6.0,6.0,20.0,0,0,0,0,0,0,1,6,1,6.0,237,256,0,20,0.0,0.0,0.0,0.0,0.0,0.0,0,0
Generic,1,80,5358888.0,3,1,0,0.0,0,0,0.0,0.0,0,0,0.0,0.0,0.0,0.746423512,1786296.0,3093191.614,5358006.0,102,5358888,2679444.0,3788058.708,5358006,882.0,0.0,0.0,0.0,0,0.0,0,0,0,0,104.0,40.0,0.559817634,0.186605878,0,0,0.0,0.0,0.0,0,0,0,1,0,0,0,0,0,0.0,0.0,0.0,104.0,0,0,0,0,0,0,3,0,1,0.0,29200,28960,0,32,0.0,0.0,0.0,0.0,0.0,0.0,0,0
Generic,1,53535,41.0,1,1,6,6.0,6,6,6.0,0.0,6,6,6.0,0.0,292682.9268,48780.4878,41.0,0.0,41.0,41,0,0.0,0.0,0,0.0,0.0,0.0,0.0,0,0.0,0,0,0,0,20.0,20.0,24390.2439,24390.2439,6,6,6.0,0.0,0.0,0,0,0,0,1,1,0,0,1,9.0,6.0,6.0,20.0,0,0,0,0,0,0,1,6,1,6.0,237,256,0,20,0.0,0.0,0.0,0.0,0.0,0.0,0,0
Generic,1,53435,19.0,1,1,6,6.0,6,6,6.0,0.0,6,6,6.0,0.0,631578.9474,105263.1579,19.0,0.0,19.0,19,0,0.0,0.0,0,0.0,0.0,0.0,0.0,0,0.0,0,0,0,0,20.0,20.0,52631.57895,52631.57895,6,6,6.0,0.0,0.0,0,0,0,0,1,1,0,0,1,9.0,6.0,6.0,20.0,0,0,0,0,0,0,1,6,1,6.0,237,256,0,20,0.0,0.0,0.0,0.0,0.0,0.0,0,0
Generic,1,51613,17.0,1,1,6,6.0,6,6,6.0,0.0,6,6,6.0,0.0,705882.3529,117647.0588,17.0,0.0,17.0,17,0,0.0,0.0,0,0.0,0.0,0.0,0.0,0,0.0,0,0,0,0,20.0,20.0,58823.52941,58823.52941,6,6,6.0,0.0,0.0,0,0,0,0,1,1,0,0,1,9.0,6.0,6.0,20.0,0,0,0,0,0,0,1,6,1,6.0,237,256,0,20,0.0,0.0,0.0,0.0,0.0,0.0,0,0
Generic,1,53038,44.0,1,1,6,6.0,6,6,6.0,0.0,6,6,6.0,0.0,272727.2727,45454.54545,44.0,0.0,44.0,44,0,0.0,0.0,0,0.0,0.0,0.0,0.0,0,0.0,0,0,0,0,20.0,20.0,22727.27273,22727.27273,6,6,6.0,0.0,0.0,0,0,0,0,1,1,0,0,1,9.0,6.0,6.0,20.0,0,0,0,0,0,0,1,6,1,6.0,237,256,0,20,0.0,0.0,0.0,0.0,0.0,0.0,0,0
Generic,1,52946,3.0,1,1,6,6.0,6,6,6.0,0.0,6,6,6.0,0.0,4000000.0,666666.6667,3.0,0.0,3.0,3,0,0.0,0.0,0,0.0,0.0,0.0,0.0,0,0.0,0,0,0,0,20.0,20.0,333333.3333,333333.3333,6,6,6.0,0.0,0.0,0,0,0,0,1,1,0,0,1,9.0,6.0,6.0,20.0,0,0,0,0,0,0,1,6,1,6.0,1164,256,0,20,0.0,0.0,0.0,0.0,0.0,0.0,0,0
Generic,1,8080,91244.0,4,3,206,134.0,194,0,51.5,95.0421,128,0,44.666668,72.23111,3726.272412,76.7173732,15207.33333,36103.11221,88899.0,75,91244,30414.66667,52095.84216,90569,75.0,89739.0,44869.5,62267.11604,88899,840.0,0,0,0,0,92.0,72.0,43.83849897,32.87887423,0,194,42.5,75.28802,5668.285714,0,0,0,1,0,0,0,0,0,48.57143,51.5,44.666668,92.0,0,0,0,0,0,0,4,206,3,134.0,8192,237,3,20,0.0,0.0,0.0,0.0,0.0,0.0,0,0
Generic,1,8080,1027298.0,3,3,0,18.0,0,0,0.0,0.0,6,6,6.0,0.0,17.52169283,5.840564276,205459.6,280650.867,513745.0,355,1026943,513471.5,1277.741954,514375,512568.0,1026778.0,513389.0,1005.505843,514100,512678.0,0,0,0,0,92.0,60.0,2.920282138,2.920282138,0,6,2.5714285,3.207135,10.28571429,0,0,0,1,0,0,0,0,1,3.0,0.0,6.0,92.0,0,0,0,0,0,0,3,0,3,18.0,8192,0,0,28,0.0,0.0,0.0,0.0,0.0,0.0,0,0
Generic,1,8080,72716.0,4,3,208,134.0,196,0,52.0,96.04166,128,0,44.666668,72.23111,4703.229,96.26492106,12119.33333,28714.61652,70730.0,57,72716,24238.66667,41338.61723,71971,57.0,71362.0,35681.0,49566.77115,70730,632.0,0,0,0,0,92.0,72.0,55.00852632,41.25639474,0,196,42.75,75.86407,5755.357143,0,0,0,1,0,0,0,0,0,48.857143,52.0,44.666668,92.0,0,0,0,0,0,0,4,208,3,134.0,8192,237,3,20,0.0,0.0,0.0,0.0,0.0,0.0,0,0
Generic,1,444,69483113.0,20,20,3734,120.0,705,6,186.7,226.9547,6,6,6.0,0.0,55.46671462,0.575679446,1781618.282,8982985.218,55000000.0,33,69500000,3656979.632,12800000.0,55000000,545.0,69500000.0,3656980.316,12800000.0,55000000,574.0,1,0,0,0,400.0,400.0,0.287839723,0.287839723,6,705,94.87805,180.88245,32718.45976,0,1,0,0,1,0,0,0,1,97.25,186.7,6.0,400.0,0,0,0,0,0,0,20,3734,20,120.0,255,1452,19,20,567480.0,12679.8388,576446.0,558514.0,33900000.0,29900000.0,55000000,12800000
Generic,1,80,6553104.0,7,5,860,2337.0,447,0,122.85714,210.04796,1808,0,467.4,783.6439,487.8604094,1.831193279,595736.7273,1525267.178,5000020.0,4,6553104,1092184.0,2000626.056,5000020,4.0,1552397.0,388099.25,751427.6683,1515167,827.0,0,0,0,0,232.0,168.0,1.068196079,0.762997199,0,1808,245.92308,510.9523,261072.2436,0,0,0,1,0,0,0,0,0,266.41666,122.85714,467.4,232.0,0,0,0,0,0,0,7,860,5,2337.0,29200,243,2,32,0.0,0.0,0.0,0.0,0.0,0.0,0,0
Generic,1,8080,121206.0,4,3,206,134.0,194,0,51.5,95.0421,128,0,44.666668,72.23111,2805.14166,57.75291652,20201.0,48365.63664,118924.0,55,121206,40402.0,69371.86229,120505,55.0,119584.0,59792.0,83625.27637,118924,660.0,0,0,0,0,92.0,72.0,33.00166658,24.75124994,0,194,42.5,75.28802,5668.285714,0,0,0,1,0,0,0,0,0,48.57143,51.5,44.666668,92.0,0,0,0,0,0,0,4,206,3,134.0,8192,237,3,20,0.0,0.0,0.0,0.0,0.0,0.0,0,0
Generic,1,2751,91.0,1,1,6,6.0,6,6,6.0,0.0,6,6,6.0,0.0,131868.1319,21978.02198,91.0,0.0,91.0,91,0,0.0,0.0,0,0.0,0.0,0.0,0.0,0,0.0,0,0,0,0,20.0,20.0,10989.01099,10989.01099,6,6,6.0,0.0,0.0,0,0,0,0,1,1,0,0,1,9.0,6.0,6.0,20.0,0,0,0,0,0,0,1,6,1,6.0,237,256,0,20,0.0,0.0,0.0,0.0,0.0,0.0,0,0
Generic,1,3621,88.0,1,1,6,6.0,6,6,6.0,0.0,6,6,6.0,0.0,136363.6364,22727.27273,88.0,0.0,88.0,88,0,0.0,0.0,0,0.0,0.0,0.0,0.0,0,0.0,0,0,0,0,20.0,20.0,11363.63636,11363.63636,6,6,6.0,0.0,0.0,0,0,0,0,1,1,0,0,1,9.0,6.0,6.0,20.0,0,0,0,0,0,0,1,6,1,6.0,237,256,0,20,0.0,0.0,0.0,0.0,0.0,0.0,0,0
Generic,1,3618,97.0,1,1,6,6.0,6,6,6.0,0.0,6,6,6.0,0.0,123711.3402,20618.5567,97.0,0.0,97.0,97,0,0.0,0.0,0,0.0,0.0,0.0,0.0,0,0.0,0,0,0,0,20.0,20.0,10309.27835,10309.27835,6,6,6.0,0.0,0.0,0,0,0,0,1,1,0,0,1,9.0,6.0,6.0,20.0,0,0,0,0,0,0,1,6,1,6.0,237,256,0,20,0.0,0.0,0.0,0.0,0.0,0.0,0,0
Generic,1,8080,68142.0,4,3,208,134.0,196,0,52.0,96.04166,128,0,44.666668,72.23111,5018.931056,102.726659,11357.0,26951.35978,66369.0,65,68142,22714.0,38803.05118,67519,65.0,66977.0,33488.5,46500.04904,66369,608.0,0,0,0,0,92.0,72.0,58.70094802,44.02571102,0,196,42.75,75.86407,5755.357143,0,0,0,1,0,0,0,0,0,48.857143,52.0,44.666668,92.0,0,0,0,0,0,0,4,208,3,134.0,8192,237,3,20,0.0,0.0,0.0,0.0,0.0,0.0,0,0
Generic,1,8080,70208.0,4,3,207,134.0,195,0,51.75,95.54188,128,0,44.666668,72.23111,4856.996354,99.70373747,11701.33333,27851.513,68551.0,41,70208,23402.66667,40049.48357,69647,41.0,69119.0,34559.5,48071.24031,68551,568.0,0,0,0,0,92.0,72.0,56.97356427,42.7301732,0,195,42.625,75.57577,5711.696429,0,0,0,1,0,0,0,0,0,48.714287,51.75,44.666668,92.0,0,0,0,0,0,0,4,207,3,134.0,8192,237,3,20,0.0,0.0,0.0,0.0,0.0,0.0,0,0
Generic,1,8080,997119.0,3,3,0,18.0,0,0,0.0,0.0,6,6,6.0,0.0,18.05200783,6.017335945,199423.8,272432.2098,498767.0,428,996605,498302.5,1262.185604,499195,497410.0,996657.0,498328.5,1347.038418,499281,497376.0,0,0,0,0,92.0,60.0,3.008667972,3.008667972,0,6,2.5714285,3.207135,10.28571429,0,0,0,1,0,0,0,0,1,3.0,0.0,6.0,92.0,0,0,0,0,0,0,3,0,3,18.0,8192,0,0,28,0.0,0.0,0.0,0.0,0.0,0.0,0,0
Generic,1,8080,997269.0,3,3,0,18.0,0,0,0.0,0.0,6,6,6.0,0.0,18.04929262,6.016430873,199453.8,272466.586,498915.0,388,996748,498374.0,1313.804399,499303,497445.0,996759.0,498379.5,1494.116629,499436,497323.0,0,0,0,0,92.0,60.0,3.008215436,3.008215436,0,6,2.5714285,3.207135,10.28571429,0,0,0,1,0,0,0,0,1,3.0,0.0,6.0,92.0,0,0,0,0,0,0,3,0,3,18.0,8192,0,0,28,0.0,0.0,0.0,0.0,0.0,0.0,0,0
Generic,1,8080,1001916.0,3,3,0,18.0,0,0,0.0,0.0,6,6,6.0,0.0,17.96557795,5.988525984,200383.2,273737.5904,500682.0,351,1001303,500651.5,539.522474,501033,500270.0,1001459.0,500729.5,799.7377695,501295,500164.0,0,0,0,0,92.0,60.0,2.994262992,2.994262992,0,6,2.5714285,3.207135,10.28571429,0,0,0,1,0,0,0,0,1,3.0,0.0,6.0,92.0,0,0,0,0,0,0,3,0,3,18.0,8192,0,0,28,0.0,0.0,0.0,0.0,0.0,0.0,0,0
Generic,1,8080,1001893.0,3,3,0,18.0,0,0,0.0,0.0,6,6,6.0,0.0,17.96599038,5.98866346,200378.6,273712.8119,500876.0,335,1001558,500779.0,1066.317026,501533,500025.0,1001236.0,500618.0,1029.547473,501346,499890.0,0,0,0,0,92.0,60.0,2.99433173,2.99433173,0,6,2.5714285,3.207135,10.28571429,0,0,0,1,0,0,0,0,1,3.0,0.0,6.0,92.0,0,0,0,0,0,0,3,0,3,18.0,8192,0,0,28,0.0,0.0,0.0,0.0,0.0,0.0,0,0
Generic,1,80,77.0,1,1,0,0.0,0,0,0.0,0.0,0,0,0.0,0.0,0.0,25974.02597,77.0,0.0,77.0,77,0,0.0,0.0,0,0.0,0.0,0.0,0.0,0,0.0,0,0,0,0,32.0,32.0,12987.01299,12987.01299,0,0,0.0,0.0,0.0,0,0,0,0,1,1,0,0,1,0.0,0.0,0.0,32.0,0,0,0,0,0,0,1,0,1,0.0,324,243,0,32,0.0,0.0,0.0,0.0,0.0,0.0,0,0
Generic,1,8080,58261.0,4,3,207,134.0,195,0,51.75,95.54188,128,0,44.666668,72.23111,5852.971971,120.1489847,9710.166667,22808.31878,56264.0,40,58261,19420.33333,32947.01113,57462,40.0,56890.0,28445.0,39342.00709,56264,626.0,0,0,0,0,92.0,72.0,68.65656271,51.49242203,0,195,42.625,75.57577,5711.696429,0,0,0,1,0,0,0,0,0,48.714287,51.75,44.666668,92.0,0,0,0,0,0,0,4,207,3,134.0,8192,237,3,20,0.0,0.0,0.0,0.0,0.0,0.0,0,0
Generic,1,80,67052700.0,204,104,34336,183687.0,585,0,240.12254,253.30838,1870,0,1766.2212,309.61288,3469.98704,4.593401906,218412.7036,394832.4506,2587661.0,5,67000000,330293.9754,446120.1369,2587661,495.0,67100000.0,650995.4272,434193.8313,2588369,5.0,0,0,0,0,6536.0,3336.0,3.042383081,1.551018825,0,1870,752.9838,772.69794,597062.1199,0,0,0,1,0,0,0,0,0,755.4286,240.12254,1766.2212,6536.0,0,0,0,0,0,0,204,34336,104,183687.0,29200,1150,101,32,0.0,0.0,0.0,0.0,0.0,0.0,0,0
Generic,1,80,5757765.0,3,1,0,0.0,0,0,0.0,0.0,0,0,0.0,0.0,0.0,0.694714008,1919255.0,3323458.237,5756854.0,154,5757765,2878882.5,4070066.327,5756854,911.0,0.0,0.0,0.0,0,0.0,0,0,0,0,104.0,40.0,0.521035506,0.173678502,0,0,0.0,0.0,0.0,0,0,0,1,0,0,0,0,0,0.0,0.0,0.0,104.0,0,0,0,0,0,0,3,0,1,0.0,29200,28960,0,32,0.0,0.0,0.0,0.0,0.0,0.0,0,0
Generic,1,51625,47.0,1,1,6,6.0,6,6,6.0,0.0,6,6,6.0,0.0,255319.1489,42553.19149,47.0,0.0,47.0,47,0,0.0,0.0,0,0.0,0.0,0.0,0.0,0,0.0,0,0,0,0,20.0,20.0,21276.59574,21276.59574,6,6,6.0,0.0,0.0,0,0,0,0,1,1,0,0,1,9.0,6.0,6.0,20.0,0,0,0,0,0,0,1,6,1,6.0,237,256,0,20,0.0,0.0,0.0,0.0,0.0,0.0,0,0
Generic,1,51613,17.0,1,1,6,6.0,6,6,6.0,0.0,6,6,6.0,0.0,705882.3529,117647.0588,17.0,0.0,17.0,17,0,0.0,0.0,0,0.0,0.0,0.0,0.0,0,0.0,0,0,0,0,20.0,20.0,58823.52941,58823.52941,6,6,6.0,0.0,0.0,0,0,0,0,1,1,0,0,1,9.0,6.0,6.0,20.0,0,0,0,0,0,0,1,6,1,6.0,237,256,0,20,0.0,0.0,0.0,0.0,0.0,0.0,0,0
Generic,1,8080,129606.0,4,3,206,134.0,194,0,51.5,95.0421,128,0,44.666668,72.23111,2623.335339,54.00984522,21601.0,49522.33007,122629.0,60,129606,43202.0,70133.59392,124152,716.0,128114.0,64057.0,82833.31678,122629,5485.0,0,0,0,0,92.0,72.0,30.8627687,23.14707652,0,194,42.5,75.28802,5668.285714,0,0,0,1,0,0,0,0,0,48.57143,51.5,44.666668,92.0,0,0,0,0,0,0,4,206,3,134.0,8192,237,3,20,0.0,0.0,0.0,0.0,0.0,0.0,0,0
Generic,1,52337,36.0,1,1,6,6.0,6,6,6.0,0.0,6,6,6.0,0.0,333333.3333,55555.55556,36.0,0.0,36.0,36,0,0.0,0.0,0,0.0,0.0,0.0,0.0,0,0.0,0,0,0,0,20.0,20.0,27777.77778,27777.77778,6,6,6.0,0.0,0.0,0,0,0,0,1,1,0,0,1,9.0,6.0,6.0,20.0,0,0,0,0,0,0,1,6,1,6.0,245,256,0,20,0.0,0.0,0.0,0.0,0.0,0.0,0,0
Generic,1,3621,88.0,1,1,6,6.0,6,6,6.0,0.0,6,6,6.0,0.0,136363.6364,22727.27273,88.0,0.0,88.0,88,0,0.0,0.0,0,0.0,0.0,0.0,0.0,0,0.0,0,0,0,0,20.0,20.0,11363.63636,11363.63636,6,6,6.0,0.0,0.0,0,0,0,0,1,1,0,0,1,9.0,6.0,6.0,20.0,0,0,0,0,0,0,1,6,1,6.0,237,256,0,20,0.0,0.0,0.0,0.0,0.0,0.0,0,0
Generic,1,52869,33.0,1,1,6,6.0,6,6,6.0,0.0,6,6,6.0,0.0,363636.3636,60606.06061,33.0,0.0,33.0,33,0,0.0,0.0,0,0.0,0.0,0.0,0.0,0,0.0,0,0,0,0,20.0,20.0,30303.0303,30303.0303,6,6,6.0,0.0,0.0,0,0,0,0,1,1,0,0,1,9.0,6.0,6.0,20.0,0,0,0,0,0,0,1,6,1,6.0,237,256,0,20,0.0,0.0,0.0,0.0,0.0,0.0,0,0
Generic,1,4286,94.0,1,1,6,6.0,6,6,6.0,0.0,6,6,6.0,0.0,127659.5745,21276.59574,94.0,0.0,94.0,94,0,0.0,0.0,0,0.0,0.0,0.0,0.0,0,0.0,0,0,0,0,20.0,20.0,10638.29787,10638.29787,6,6,6.0,0.0,0.0,0,0,0,0,1,1,0,0,1,9.0,6.0,6.0,20.0,0,0,0,0,0,0,1,6,1,6.0,237,256,0,20,0.0,0.0,0.0,0.0,0.0,0.0,0,0
Generic,1,80,43.0,1,1,0,0.0,0,0,0.0,0.0,0,0,0.0,0.0,0.0,46511.62791,43.0,0.0,43.0,43,0,0.0,0.0,0,0.0,0.0,0.0,0.0,0,0.0,0,0,0,0,32.0,32.0,23255.81395,23255.81395,0,0,0.0,0.0,0.0,0,0,0,0,1,1,0,0,1,0.0,0.0,0.0,32.0,0,0,0,0,0,0,1,0,1,0.0,258,235,0,32,0.0,0.0,0.0,0.0,0.0,0.0,0,0
Generic,1,8080,996607.0,3,3,0,18.0,0,0,0.0,0.0,6,6,6.0,0.0,18.06128193,6.02042731,199321.4,272214.6176,498761.0,396,996211,498105.5,1713.319731,499317,496894.0,995984.0,497992.0,1647.5588,499157,496827.0,0,0,0,0,92.0,60.0,3.010213655,3.010213655,0,6,2.5714285,3.207135,10.28571429,0,0,0,1,0,0,0,0,1,3.0,0.0,6.0,92.0,0,0,0,0,0,0,3,0,3,18.0,8192,0,0,28,0.0,0.0,0.0,0.0,0.0,0.0,0,0
Generic,1,3014,23.0,1,1,6,6.0,6,6,6.0,0.0,6,6,6.0,0.0,521739.1304,86956.52174,23.0,0.0,23.0,23,0,0.0,0.0,0,0.0,0.0,0.0,0.0,0,0.0,0,0,0,0,20.0,20.0,43478.26087,43478.26087,6,6,6.0,0.0,0.0,0,0,0,0,1,1,0,0,1,9.0,6.0,6.0,20.0,0,0,0,0,0,0,1,6,1,6.0,237,16393,0,20,0.0,0.0,0.0,0.0,0.0,0.0,0,0
Generic,1,444,117923038.0,45,40,15754,240.0,1460,6,350.0889,505.59402,6,6,6.0,0.0,135.6308341,0.720809109,1403845.69,10300000.0,92800000.0,1,118000000,2680057.409,14200000.0,92800000,1.0,118000000.0,3023659.462,15100000.0,92800000,1.0,1,0,0,0,900.0,800.0,0.381604823,0.339204287,6,1460,186.39536,402.60376,162089.7948,0,1,0,0,1,0,0,0,0,188.58824,350.0889,6.0,900.0,0,0,0,0,0,0,45,15754,40,240.0,255,1452,44,20,2982953.5,2987574.941,5095488.0,870419.0,55700000.0,52500000.0,92800000,18600000
Generic,1,51600,39.0,1,1,6,6.0,6,6,6.0,0.0,6,6,6.0,0.0,307692.3077,51282.05128,39.0,0.0,39.0,39,0,0.0,0.0,0,0.0,0.0,0.0,0.0,0,0.0,0,0,0,0,20.0,20.0,25641.02564,25641.02564,6,6,6.0,0.0,0.0,0,0,0,0,1,1,0,0,1,9.0,6.0,6.0,20.0,0,0,0,0,0,0,1,6,1,6.0,237,256,0,20,0.0,0.0,0.0,0.0,0.0,0.0,0,0
Generic,1,2963,51.0,1,1,6,6.0,6,6,6.0,0.0,6,6,6.0,0.0,235294.1176,39215.68627,51.0,0.0,51.0,51,0,0.0,0.0,0,0.0,0.0,0.0,0.0,0,0.0,0,0,0,0,20.0,20.0,19607.84314,19607.84314,6,6,6.0,0.0,0.0,0,0,0,0,1,1,0,0,1,9.0,6.0,6.0,20.0,0,0,0,0,0,0,1,6,1,6.0,237,16393,0,20,0.0,0.0,0.0,0.0,0.0,0.0,0,0
Generic,1,53437,46.0,1,1,6,6.0,6,6,6.0,0.0,6,6,6.0,0.0,260869.5652,43478.26087,46.0,0.0,46.0,46,0,0.0,0.0,0,0.0,0.0,0.0,0.0,0,0.0,0,0,0,0,20.0,20.0,21739.13043,21739.13043,6,6,6.0,0.0,0.0,0,0,0,0,1,1,0,0,1,9.0,6.0,6.0,20.0,0,0,0,0,0,0,1,6,1,6.0,237,256,0,20,0.0,0.0,0.0,0.0,0.0,0.0,0,0
Generic,1,8080,84033.0,22,37,34336,338.0,5840,0,2321.4,2142.0598,128,0,9.135135,20.108265,840669.7369,702.1051254,1448.844828,9914.461389,75643.0,0,84033,4001.571429,17130.22996,78759,3.0,82985.0,2305.138889,12574.24821,75643,0.0,0,0,0,0,452.0,752.0,261.8019112,440.3032142,0,5840,1177.4,2007.9377,4031814.007,0,0,0,1,0,0,0,0,1,1197.356,2321.4,9.135135,452.0,0,0,0,0,0,0,22,34336,37,338.0,8192,1278,21,20,0.0,0.0,0.0,0.0,0.0,0.0,0,0
Generic,1,8080,996904.0,3,3,0,18.0,0,0,0.0,0.0,6,6,6.0,0.0,18.05590107,6.01863369,199380.8,272311.7412,498607.0,424,996480,498240.0,1354.816593,499198,497282.0,996380.0,498190.0,1189.353606,499031,497349.0,0,0,0,0,92.0,60.0,3.009316845,3.009316845,0,6,2.5714285,3.207135,10.28571429,0,0,0,1,0,0,0,0,1,3.0,0.0,6.0,92.0,0,0,0,0,0,0,3,0,3,18.0,8192,0,0,28,0.0,0.0,0.0,0.0,0.0,0.0,0,0
Generic,1,8080,69352.0,4,3,207,134.0,195,0,51.75,95.54188,128,0,44.666668,72.23111,4916.945438,100.9343638,11558.66667,27377.50242,67440.0,53,69352,23117.33333,39414.60473,68628,53.0,68058.0,34029.0,47250.28933,67440,618.0,0,0,0,0,92.0,72.0,57.67677933,43.2575845,0,195,42.625,75.57577,5711.696429,0,0,0,1,0,0,0,0,0,48.714287,51.75,44.666668,92.0,0,0,0,0,0,0,4,207,3,134.0,8192,237,3,20,0.0,0.0,0.0,0.0,0.0,0.0,0,0
Generic,1,8080,1029428.0,3,3,0,18.0,0,0,0.0,0.0,6,6,6.0,0.0,17.48543852,5.828479505,205885.6,281267.6889,515202.0,431,1028968,514484.0,1624.931383,515633,513335.0,1028886.0,514443.0,1723.926333,515662,513224.0,0,0,0,0,92.0,60.0,2.914239753,2.914239753,0,6,2.5714285,3.207135,10.28571429,0,0,0,1,0,0,0,0,1,3.0,0.0,6.0,92.0,0,0,0,0,0,0,3,0,3,18.0,8192,0,0,28,0.0,0.0,0.0,0.0,0.0,0.0,0,0
Generic,1,8080,70747.0,4,3,206,134.0,194,0,51.5,95.0421,128,0,44.666668,72.23111,4805.857492,98.94412484,11791.16667,27644.17197,68214.0,75,70747,23582.33333,39969.12379,69732,75.0,68859.0,34429.5,47778.4981,68214,645.0,0,0,0,0,92.0,72.0,56.53949991,42.40462493,0,194,42.5,75.28802,5668.285714,0,0,0,1,0,0,0,0,0,48.57143,51.5,44.666668,92.0,0,0,0,0,0,0,4,206,3,134.0,8192,237,3,20,0.0,0.0,0.0,0.0,0.0,0.0,0,0
Generic,1,2963,51.0,1,1,6,6.0,6,6,6.0,0.0,6,6,6.0,0.0,235294.1176,39215.68627,51.0,0.0,51.0,51,0,0.0,0.0,0,0.0,0.0,0.0,0.0,0,0.0,0,0,0,0,20.0,20.0,19607.84314,19607.84314,6,6,6.0,0.0,0.0,0,0,0,0,1,1,0,0,1,9.0,6.0,6.0,20.0,0,0,0,0,0,0,1,6,1,6.0,237,16393,0,20,0.0,0.0,0.0,0.0,0.0,0.0,0,0
Generic,1,80,5229725.0,3,1,0,0.0,0,0,0.0,0.0,0,0,0.0,0.0,0.0,0.764858573,1743241.667,3018674.74,5228907.0,135,5229725,2614862.5,3696817.185,5228907,818.0,0.0,0.0,0.0,0,0.0,0,0,0,0,104.0,40.0,0.57364393,0.191214643,0,0,0.0,0.0,0.0,0,0,0,1,0,0,0,0,0,0.0,0.0,0.0,104.0,0,0,0,0,0,0,3,0,1,0.0,29200,28960,0,32,0.0,0.0,0.0,0.0,0.0,0.0,0,0
Generic,1,8080,65532.0,4,3,208,134.0,196,0,52.0,96.04166,128,0,44.666668,72.23111,5218.824391,106.8180431,10922.0,25746.4164,63473.0,44,65532,21844.0,37185.14886,64780,44.0,64080.0,32040.0,44452.97491,63473,607.0,0,0,0,0,92.0,72.0,61.03888177,45.77916133,0,196,42.75,75.86407,5755.357143,0,0,0,1,0,0,0,0,0,48.857143,52.0,44.666668,92.0,0,0,0,0,0,0,4,208,3,134.0,8192,237,3,20,0.0,0.0,0.0,0.0,0.0,0.0,0,0
Generic,1,8080,994480.0,3,3,0,18.0,0,0,0.0,0.0,6,6,6.0,0.0,18.09991151,6.033303837,198896.0,271816.4254,499631.0,351,994013,497006.5,4232.034085,499999,494014.0,994112.0,497056.0,4137.988884,499982,494130.0,0,0,0,0,92.0,60.0,3.016651919,3.016651919,0,6,2.5714285,3.207135,10.28571429,0,0,0,1,0,0,0,0,1,3.0,0.0,6.0,92.0,0,0,0,0,0,0,3,0,3,18.0,8192,0,0,28,0.0,0.0,0.0,0.0,0.0,0.0,0,0
Generic,1,8080,70576.0,4,3,206,134.0,194,0,51.5,95.0421,128,0,44.666668,72.23111,4817.5017,99.18385854,11762.66667,27697.44348,68295.0,44,70576,23525.33333,40113.5724,69843,44.0,68954.0,34477.0,47825.87425,68295,659.0,0,0,0,0,92.0,72.0,56.67649059,42.50736794,0,194,42.5,75.28802,5668.285714,0,0,0,1,0,0,0,0,0,48.57143,51.5,44.666668,92.0,0,0,0,0,0,0,4,206,3,134.0,8192,237,3,20,0.0,0.0,0.0,0.0,0.0,0.0,0,0
Generic,1,80,5125909.0,3,1,0,0.0,0,0,0.0,0.0,0,0,0.0,0.0,0.0,0.780349398,1708636.333,2958696.711,5125045.0,122,5125909,2562954.5,3623343.133,5125045,864.0,0.0,0.0,0.0,0,0.0,0,0,0,0,104.0,40.0,0.585262048,0.195087349,0,0,0.0,0.0,0.0,0,0,0,1,0,0,0,0,0,0.0,0.0,0.0,104.0,0,0,0,0,0,0,3,0,1,0.0,29200,28960,0,32,0.0,0.0,0.0,0.0,0.0,0.0,0,0
Generic,1,8080,1004325.0,3,3,0,18.0,0,0,0.0,0.0,6,6,6.0,0.0,17.92248525,5.97416175,200865.0,274407.4154,504059.0,406,1003819,501909.5,3614.022759,504465,499354.0,1003825.0,501912.5,3751.201474,504565,499260.0,0,0,0,0,92.0,60.0,2.987080875,2.987080875,0,6,2.5714285,3.207135,10.28571429,0,0,0,1,0,0,0,0,1,3.0,0.0,6.0,92.0,0,0,0,0,0,0,3,0,3,18.0,8192,0,0,28,0.0,0.0,0.0,0.0,0.0,0.0,0,0
Generic,1,80,5987888.0,3,1,0,0.0,0,0,0.0,0.0,0,0,0.0,0.0,0.0,0.668015167,1995962.667,3456407.285,5987078.0,67,5987888,2993944.0,4232930.697,5987078,810.0,0.0,0.0,0.0,0,0.0,0,0,0,0,104.0,40.0,0.501011375,0.167003792,0,0,0.0,0.0,0.0,0,0,0,1,0,0,0,0,0,0.0,0.0,0.0,104.0,0,0,0,0,0,0,3,0,1,0.0,29200,28960,0,32,0.0,0.0,0.0,0.0,0.0,0.0,0,0
Generic,1,8080,1025085.0,3,3,0,18.0,0,0,0.0,0.0,6,6,6.0,0.0,17.55951945,5.853173151,205017.0,280007.507,514389.0,441,1024549,512274.5,3614.022759,514830,509719.0,1024463.0,512231.5,3809.18423,514925,509538.0,0,0,0,0,92.0,60.0,2.926586576,2.926586576,0,6,2.5714285,3.207135,10.28571429,0,0,0,1,0,0,0,0,1,3.0,0.0,6.0,92.0,0,0,0,0,0,0,3,0,3,18.0,8192,0,0,28,0.0,0.0,0.0,0.0,0.0,0.0,0,0
Generic,1,3027,3.0,1,1,6,6.0,6,6,6.0,0.0,6,6,6.0,0.0,4000000.0,666666.6667,3.0,0.0,3.0,3,0,0.0,0.0,0,0.0,0.0,0.0,0.0,0,0.0,0,0,0,0,20.0,20.0,333333.3333,333333.3333,6,6,6.0,0.0,0.0,0,0,0,0,1,1,0,0,1,9.0,6.0,6.0,20.0,0,0,0,0,0,0,1,6,1,6.0,237,16393,0,20,0.0,0.0,0.0,0.0,0.0,0.0,0,0
Generic,1,8080,993747.0,3,3,0,18.0,0,0,0.0,0.0,6,6,6.0,0.0,18.11326223,6.037754076,198749.4,271540.3836,499642.0,391,993280,496640.0,4798.426617,500033,493247.0,993248.0,496624.0,4928.534265,500109,493139.0,0,0,0,0,92.0,60.0,3.018877038,3.018877038,0,6,2.5714285,3.207135,10.28571429,0,0,0,1,0,0,0,0,1,3.0,0.0,6.0,92.0,0,0,0,0,0,0,3,0,3,18.0,8192,0,0,28,0.0,0.0,0.0,0.0,0.0,0.0,0,0
Generic,1,51623,38.0,1,1,6,6.0,6,6,6.0,0.0,6,6,6.0,0.0,315789.4737,52631.57895,38.0,0.0,38.0,38,0,0.0,0.0,0,0.0,0.0,0.0,0.0,0,0.0,0,0,0,0,20.0,20.0,26315.78947,26315.78947,6,6,6.0,0.0,0.0,0,0,0,0,1,1,0,0,1,9.0,6.0,6.0,20.0,0,0,0,0,0,0,1,6,1,6.0,1255,256,0,20,0.0,0.0,0.0,0.0,0.0,0.0,0,0
Generic,1,8080,64797.0,4,3,210,134.0,198,0,52.5,97.04123,128,0,44.666668,72.23111,5308.887757,108.0296927,10799.5,25577.23513,63006.0,4,64797,21599.0,36813.72582,64106,4.0,63572.0,31786.0,44151.74742,63006,566.0,0,0,0,0,92.0,72.0,61.73125299,46.29843974,0,198,43.0,76.44232,5843.428571,0,0,0,1,0,0,0,0,0,49.142857,52.5,44.666668,92.0,0,0,0,0,0,0,4,210,3,134.0,8192,237,3,20,0.0,0.0,0.0,0.0,0.0,0.0,0,0
Generic,1,8080,1009417.0,3,3,0,18.0,0,0,0.0,0.0,6,6,6.0,0.0,17.83207535,5.944025115,201883.4,275671.8246,506561.0,500,1008808,504404.0,3757.565435,507061,501747.0,1008828.0,504414.0,3897.572578,507170,501658.0,0,0,0,0,92.0,60.0,2.972012558,2.972012558,0,6,2.5714285,3.207135,10.28571429,0,0,0,1,0,0,0,0,1,3.0,0.0,6.0,92.0,0,0,0,0,0,0,3,0,3,18.0,8192,0,0,28,0.0,0.0,0.0,0.0,0.0,0.0,0,0
Generic,1,52181,34.0,1,1,6,6.0,6,6,6.0,0.0,6,6,6.0,0.0,352941.1765,58823.52941,34.0,0.0,34.0,34,0,0.0,0.0,0,0.0,0.0,0.0,0.0,0,0.0,0,0,0,0,20.0,20.0,29411.76471,29411.76471,6,6,6.0,0.0,0.0,0,0,0,0,1,1,0,0,1,9.0,6.0,6.0,20.0,0,0,0,0,0,0,1,6,1,6.0,237,256,0,20,0.0,0.0,0.0,0.0,0.0,0.0,0,0
Generic,1,80,5409301.0,3,1,0,0.0,0,0,0.0,0.0,0,0,0.0,0.0,0.0,0.739467077,1803100.333,3122300.168,5408422.0,127,5409301,2704650.5,3823710.325,5408422,879.0,0.0,0.0,0.0,0,0.0,0,0,0,0,104.0,40.0,0.554600308,0.184866769,0,0,0.0,0.0,0.0,0,0,0,1,0,0,0,0,0,0.0,0.0,0.0,104.0,0,0,0,0,0,0,3,0,1,0.0,29200,28960,0,32,0.0,0.0,0.0,0.0,0.0,0.0,0,0
Generic,1,8080,1029901.0,3,3,0,18.0,0,0,0.0,0.0,6,6,6.0,0.0,17.47740802,5.825802674,205980.2,281282.3053,515134.0,495,1029319,514659.5,1371.080049,515629,513690.0,1029294.0,514647.0,1511.794298,515716,513578.0,0,0,0,0,92.0,60.0,2.912901337,2.912901337,0,6,2.5714285,3.207135,10.28571429,0,0,0,1,0,0,0,0,1,3.0,0.0,6.0,92.0,0,0,0,0,0,0,3,0,3,18.0,8192,0,0,28,0.0,0.0,0.0,0.0,0.0,0.0,0,0
Generic,1,8080,216393.0,5,4,213,145.0,195,0,42.6,85.233795,129,0,36.25,61.96975,1654.397323,41.59099416,27049.125,75715.08895,214433.0,3,216393,54098.25,107249.6145,214972,54.0,215046.0,71682.0,123626.365,214433,3.0,0,0,0,0,112.0,92.0,23.10610787,18.48488629,0,195,35.8,68.389084,4677.066667,0,0,0,1,0,0,0,0,0,39.77778,42.6,36.25,112.0,0,0,0,0,0,0,5,213,4,145.0,8192,237,4,20,0.0,0.0,0.0,0.0,0.0,0.0,0,0
Generic,1,80,5328174.0,3,1,0,0.0,0,0,0.0,0.0,0,0,0.0,0.0,0.0,0.750726234,1776058.0,3075461.473,5327295.0,125,5328174,2664087.0,3766344.873,5327295,879.0,0.0,0.0,0.0,0,0.0,0,0,0,0,104.0,40.0,0.563044675,0.187681558,0,0,0.0,0.0,0.0,0,0,0,1,0,0,0,0,0,0.0,0.0,0.0,104.0,0,0,0,0,0,0,3,0,1,0.0,29200,28960,0,32,0.0,0.0,0.0,0.0,0.0,0.0,0,0
Generic,1,52199,3.0,1,1,6,6.0,6,6,6.0,0.0,6,6,6.0,0.0,4000000.0,666666.6667,3.0,0.0,3.0,3,0,0.0,0.0,0,0.0,0.0,0.0,0.0,0,0.0,0,0,0,0,20.0,20.0,333333.3333,333333.3333,6,6,6.0,0.0,0.0,0,0,0,0,1,1,0,0,1,9.0,6.0,6.0,20.0,0,0,0,0,0,0,1,6,1,6.0,237,256,0,20,0.0,0.0,0.0,0.0,0.0,0.0,0,0
Generic,1,52947,49.0,1,1,6,6.0,6,6,6.0,0.0,6,6,6.0,0.0,244897.9592,40816.32653,49.0,0.0,49.0,49,0,0.0,0.0,0,0.0,0.0,0.0,0.0,0,0.0,0,0,0,0,20.0,20.0,20408.16327,20408.16327,6,6,6.0,0.0,0.0,0,0,0,0,1,1,0,0,1,9.0,6.0,6.0,20.0,0,0,0,0,0,0,1,6,1,6.0,237,256,0,20,0.0,0.0,0.0,0.0,0.0,0.0,0,0
Generic,1,52309,37.0,1,1,6,6.0,6,6,6.0,0.0,6,6,6.0,0.0,324324.3243,54054.05405,37.0,0.0,37.0,37,0,0.0,0.0,0,0.0,0.0,0.0,0.0,0,0.0,0,0,0,0,20.0,20.0,27027.02703,27027.02703,6,6,6.0,0.0,0.0,0,0,0,0,1,1,0,0,1,9.0,6.0,6.0,20.0,0,0,0,0,0,0,1,6,1,6.0,237,256,0,20,0.0,0.0,0.0,0.0,0.0,0.0,0,0
Generic,1,80,5531629.0,3,1,0,0.0,0,0,0.0,0.0,0,0,0.0,0.0,0.0,0.723114294,1843876.333,3192244.771,5529963.0,130,5531629,2765814.5,3909096.297,5529963,1666.0,0.0,0.0,0.0,0,0.0,0,0,0,0,104.0,40.0,0.542335721,0.180778574,0,0,0.0,0.0,0.0,0,0,0,1,0,0,0,0,0,0.0,0.0,0.0,104.0,0,0,0,0,0,0,3,0,1,0.0,29200,28960,0,32,0.0,0.0,0.0,0.0,0.0,0.0,0,0
Generic,1,8080,63242.0,4,3,207,134.0,195,0,51.75,95.54188,128,0,44.666668,72.23111,5391.986338,110.6859366,10540.33333,24897.4544,61359.0,42,63242,21080.66667,35898.41058,62531,42.0,61937.0,30968.5,42978.65727,61359,578.0,0,0,0,0,92.0,72.0,63.24910661,47.43682995,0,195,42.625,75.57577,5711.696429,0,0,0,1,0,0,0,0,0,48.714287,51.75,44.666668,92.0,0,0,0,0,0,0,4,207,3,134.0,8192,237,3,20,0.0,0.0,0.0,0.0,0.0,0.0,0,0
Normal,0,53,2456066.0,2,2,99,247.0,50,49,49.5,0.70710677,156,91,123.5,45.96194,140.8756931,1.628620729,818688.6667,1316721.912,2339046.0,46603,2385649,2385649.0,0.0,2385649,2385649.0,2409463.0,2409463.0,0.0,2409463,2409463.0,0,0,0,0,64.0,64.0,0.814310365,0.814310365,49,156,79.0,46.674404,2178.5,0,0,0,0,0,0,0,0,1,98.75,49.5,123.5,64.0,0,0,0,0,0,0,2,99,2,247.0,-1,-1,1,32,0.0,0.0,0.0,0.0,0.0,0.0,0,0
Normal,0,53174,4.0,2,0,12,0.0,6,6,6.0,0.0,0,0,0.0,0.0,3000000.0,500000.0,4.0,0.0,4.0,4,4,4.0,0.0,4,4.0,0.0,0.0,0.0,0,0.0,0,0,0,0,40.0,0.0,500000.0,0.0,6,6,6.0,0.0,0.0,0,0,0,0,1,0,0,0,0,9.0,6.0,0.0,40.0,0,0,0,0,0,0,2,12,0,0.0,360,-1,1,20,0.0,0.0,0.0,0.0,0.0,0.0,0,0
Normal,0,443,7300839.0,9,10,1587,3978.0,1184,0,176.33333,387.14984,1460,0,397.8,593.6742,762.241161598,2.6024406236,405602.166666667,1556753.63896677,6640501.0,6,7300839,912604.875,2315255.1116905,6640501,1919.0,499804.0,55533.7777777778,66349.0128539562,161388,47.0,0,0,0,0,192.0,208.0,1.2327350322,1.3697055914,0,1460,278.25,496.5645,246576.302631579,0,0,0,1,0,0,0,0,1,292.89474,176.33333,397.8,192.0,0,0,0,0,0,0,9,1587,10,3978.0,8192,5937,8,20,0.0,0.0,0.0,0.0,0.0,0.0,0,0
Normal,0,53,219.0,2,2,94,350.0,47,47,47.0,0.0,175,175,175.0,0.0,2027397.26,18264.84018,73.0,84.32674546,167.0,4,4,4.0,0.0,4,4.0,48.0,48.0,0.0,48,48.0,0,0,0,0,40.0,40.0,9132.420091,9132.420091,47,175,98.2,70.10849,4915.2,0,0,0,0,0,0,0,0,1,122.75,47.0,175.0,40.0,0,0,0,0,0,0,2,94,2,350.0,-1,-1,1,20,0.0,0.0,0.0,0.0,0.0,0.0,0,0
Normal,0,443,496477.0,8,6,343,4887.0,186,0,42.875,72.43408,1460,0,814.5,730.9429,10534.22414,28.19868796,38190.53846,91067.99215,243886.0,61,496477,70925.28571,118947.615,247005,163.0,247808.0,49561.6,108901.3823,244361,191.0,0,0,0,0,172.0,132.0,16.11353597,12.08515198,0,1460,348.66666,590.3846,348553.9524,0,0,0,1,0,0,0,0,0,373.57144,42.875,814.5,172.0,0,0,0,0,0,0,8,343,6,4887.0,8192,62,3,20,0.0,0.0,0.0,0.0,0.0,0.0,0,0
Normal,0,2601,70.0,1,1,6,6.0,6,6,6.0,0.0,6,6,6.0,0.0,171428.571428571,28571.4285714286,70.0,0.0,70.0,70,0,0.0,0.0,0,0.0,0.0,0.0,0.0,0,0.0,0,0,0,0,20.0,20.0,14285.7142857143,14285.7142857143,6,6,6.0,0.0,0.0,0,0,0,0,1,1,0,0,1,9.0,6.0,6.0,20.0,0,0,0,0,0,0,1,6,1,6.0,114,252,0,20,0.0,0.0,0.0,0.0,0.0,0.0,0,0
Normal,0,443,410.0,2,0,12,0.0,6,6,6.0,0.0,0,0,0.0,0.0,29268.29268,4878.04878,410.0,0.0,410.0,410,410,410.0,0.0,410,410.0,0.0,0.0,0.0,0,0.0,0,0,0,0,40.0,0.0,4878.04878,0.0,6,6,6.0,0.0,0.0,0,0,0,0,1,0,0,0,0,9.0,6.0,0.0,40.0,0,0,0,0,0,0,2,12,0,0.0,480,-1,1,20,0.0,0.0,0.0,0.0,0.0,0.0,0,0
Normal,0,54016,14.0,1,1,0,0.0,0,0,0.0,0.0,0,0,0.0,0.0,0.0,142857.1429,14.0,0.0,14.0,14,0,0.0,0.0,0,0.0,0.0,0.0,0.0,0,0.0,0,0,0,0,32.0,32.0,71428.57143,71428.57143,0,0,0.0,0.0,0.0,0,0,0,0,1,0,0,0,1,0.0,0.0,0.0,32.0,0,0,0,0,0,0,1,0,1,0.0,122,33304,0,32,0.0,0.0,0.0,0.0,0.0,0.0,0,0
Normal,0,53,243837.0,2,2,90,222.0,45,45,45.0,0.0,111,111,111.0,0.0,1279.543301,16.4044013,81279.0,140733.4602,243784.0,3,50,50.0,0.0,50,50.0,3.0,3.0,0.0,3,3.0,0,0,0,0,40.0,64.0,8.20220065,8.20220065,45,111,71.4,36.14969,1306.8,0,0,0,0,0,0,0,0,1,89.25,45.0,111.0,40.0,0,0,0,0,0,0,2,90,2,222.0,-1,-1,1,20,0.0,0.0,0.0,0.0,0.0,0.0,0,0
Normal,0,53,55104042.0,2,2,102,248.0,51,51,51.0,0.0,136,112,124.0,16.970562,6.351621175,0.072589956,18400000.0,31800000.0,55100000.0,618,55100000,55100000.0,0.0,55100000,55100000.0,55100000.0,55100000.0,0.0,55100000,55100000.0,0,0,0,0,64.0,52.0,0.036294978,0.036294978,51,136,80.2,40.8742,1670.7,0,0,0,0,0,0,0,0,1,100.25,51.0,124.0,64.0,0,0,0,0,0,0,2,102,2,248.0,-1,-1,1,32,618.0,0.0,618.0,618.0,55100000.0,0.0,55100000,55100000
Normal,0,56554,49.0,2,0,0,0.0,0,0,0.0,0.0,0,0,0.0,0.0,0.0,40816.32653,49.0,0.0,49.0,49,49,49.0,0.0,49,49.0,0.0,0.0,0.0,0,0.0,0,0,0,0,64.0,0.0,40816.32653,0.0,0,0,0.0,0.0,0.0,0,0,0,0,1,0,0,0,0,0.0,0.0,0.0,64.0,0,0,0,0,0,0,2,0,0,0.0,4380,-1,0,32,0.0,0.0,0.0,0.0,0.0,0.0,0,0
Normal,0,53,77884.0,2,2,66,172.0,33,33,33.0,0.0,86,86,86.0,0.0,3055.8266139387,51.3584304864,25961.3333333333,44960.2861905186,77877.0,3,4,4.0,0.0,4,4.0,3.0,3.0,0.0,3,3.0,0,0,0,0,64.0,64.0,25.6792152432,25.6792152432,33,86,54.2,29.029295,842.7,0,0,0,0,0,0,0,0,1,67.75,33.0,86.0,64.0,0,0,0,0,0,0,2,66,2,172.0,-1,-1,1,32,0.0,0.0,0.0,0.0,0.0,0.0,0,0
Normal,0,53,23898.0,2,2,92,262.0,46,46,46.0,0.0,131,131,131.0,0.0,14812.95506,167.3780233,7966.0,13785.39296,23884.0,3,3,3.0,0.0,3,3.0,11.0,11.0,0.0,11,11.0,0,0,0,0,64.0,40.0,83.68901163,83.68901163,46,131,80.0,46.556416,2167.5,0,0,0,0,0,0,0,0,1,100.0,46.0,131.0,64.0,0,0,0,0,0,0,2,92,2,262.0,-1,-1,1,32,0.0,0.0,0.0,0.0,0.0,0.0,0,0
Normal,0,53,61482.0,2,2,76,376.0,38,38,38.0,0.0,188,188,188.0,0.0,7351.7452262451,65.0596922677,20494.0,35490.5870760121,61475.0,3,4,4.0,0.0,4,4.0,3.0,3.0,0.0,3,3.0,0,0,0,0,40.0,40.0,32.5298461338,32.5298461338,38,188,98.0,82.15839,6750.0,0,0,0,0,0,0,0,0,1,122.5,38.0,188.0,40.0,0,0,0,0,0,0,2,76,2,376.0,-1,-1,1,20,0.0,0.0,0.0,0.0,0.0,0.0,0,0
Normal,0,8800,83.0,2,2,4,12.0,2,2,2.0,0.0,6,6,6.0,0.0,192771.0843,48192.77108,27.66666667,23.797759,49.0,2,2,2.0,0.0,2,2.0,49.0,49.0,0.0,49,49.0,0,0,0,0,48.0,40.0,24096.38554,24096.38554,2,6,3.6,2.1908903,4.8,0,0,0,1,0,0,0,0,1,4.5,2.0,6.0,48.0,0,0,0,0,0,0,2,4,2,12.0,1024,0,1,24,0.0,0.0,0.0,0.0,0.0,0.0,0,0
Normal,0,53,31642.0,1,1,44,60.0,44,44,44.0,0.0,60,60,60.0,0.0,3286.770748,63.20712976,31642.0,0.0,31642.0,31642,0,0.0,0.0,0,0.0,0.0,0.0,0.0,0,0.0,0,0,0,0,20.0,20.0,31.60356488,31.60356488,44,60,49.333332,9.237604,85.33333333,0,0,0,0,0,0,0,0,1,74.0,44.0,60.0,20.0,0,0,0,0,0,0,1,44,1,60.0,-1,-1,0,20,0.0,0.0,0.0,0.0,0.0,0.0,0,0
Normal,0,65033,4462.0,7,1,11496,6.0,2920,6,1642.2858,1014.9564,6,6,6.0,0.0,2577767.81712237,1792.9179740027,637.4285714286,1253.7418470513,3479.0,80,4462,743.6666666667,1340.0699484231,3479,190.0,0.0,0.0,0.0,0,0.0,0,0,0,0,140.0,20.0,1568.8032272524,224.1147467503,6,2920,1440.2222,1032.2313,1065501.44444444,0,0,0,0,1,0,0,0,0,1620.25,1642.2858,6.0,140.0,0,0,0,0,0,0,7,11496,1,6.0,512,0,6,20,0.0,0.0,0.0,0.0,0.0,0.0,0,0
Normal,0,55848,2.0,2,0,37,0.0,37,0,18.5,26.16295,0,0,0.0,0.0,18500000.0,1000000.0,2.0,0.0,2.0,2,2,2.0,0.0,2,2.0,0.0,0.0,0.0,0,0.0,1,0,0,0,64.0,0.0,1000000.0,0.0,0,37,24.666666,21.36196,456.3333333333,0,1,0,0,1,0,0,0,0,37.0,18.5,0.0,64.0,0,0,0,0,0,0,2,37,0,0.0,118,-1,0,32,0.0,0.0,0.0,0.0,0.0,0.0,0,0
Normal,0,57403,2189.0,6,1,464,6.0,316,6,77.333336,118.650185,6,6,6.0,0.0,214709.913202376,3197.8072179077,364.8333333333,767.189524607,1928.0,1,2189,437.8,837.3820513959,1928,1.0,0.0,0.0,0.0,0,0.0,1,0,0,0,120.0,20.0,2740.9776153495,456.8296025582,6,316,98.25,135.72003,18419.9285714286,0,1,0,0,1,0,0,0,0,112.28571,77.333336,6.0,120.0,0,0,0,0,0,0,6,464,1,6.0,343,0,5,20,0.0,0.0,0.0,0.0,0.0,0.0,0,0
Normal,0,53,48694.0,2,2,88,120.0,44,44,44.0,0.0,60,60,60.0,0.0,4271.5735,82.14564423,16231.33333,28030.35557,48598.0,48,48,48.0,0.0,48,48.0,48.0,48.0,0.0,48,48.0,0,0,0,0,80.0,40.0,41.07282211,41.07282211,44,60,50.4,8.763561,76.8,0,0,0,0,0,0,0,0,1,63.0,44.0,60.0,80.0,0,0,0,0,0,0,2,88,2,120.0,-1,-1,1,40,0.0,0.0,0.0,0.0,0.0,0.0,0,0
Normal,0,443,117660804.0,11,10,861,384.0,517,0,78.27273,153.21298,156,0,38.4,47.33615,10.58126375,0.178479148,5883040.2,18000000.0,58800000.0,3,118000000,11800000.0,24700000.0,58800000,157.0,117000000.0,13000000.0,25800000.0,59000000,3.0,0,0,0,0,232.0,212.0,0.093489077,0.08499007,0,517,56.590908,112.67131,12694.82468,0,0,0,1,0,0,0,0,0,59.285713,78.27273,38.4,232.0,0,0,0,0,0,0,11,861,10,384.0,8192,351,6,20,213658.0,29904.95999,234804.0,192512.0,58500000.0,388798.421,58800000,58200000
Normal,0,443,175502.0,8,8,992,3598.0,421,0,124.0,168.2201,1460,2,449.75,649.51556,26153.5481077139,91.1670522273,11700.1333333333,17035.2472029808,39067.0,0,175502,25071.7142857143,23116.0633017698,50781,3.0,131755.0,18822.1428571429,22459.1106415531,47933,2.0,0,0,0,0,172.0,164.0,45.5835261137,45.5835261137,0,1460,270.0,477.82632,228318.0,0,0,0,1,0,0,0,0,1,286.875,124.0,449.75,172.0,0,0,0,0,0,0,8,992,8,3598.0,8192,65535,7,20,0.0,0.0,0.0,0.0,0.0,0.0,0,0
Normal,0,443,3421418.0,5,1,129,41.0,45,6,25.8,18.78031,41,41,41.0,0.0,49.68700112,1.753658863,684283.6,1521552.076,3406094.0,48,3421418,855354.5,1700507.726,3406094,48.0,0.0,0.0,0.0,0,0.0,1,0,0,0,100.0,20.0,1.461382386,0.292276477,6,45,30.142857,17.03358,290.1428571,0,1,0,0,1,0,0,0,0,35.166668,25.8,41.0,100.0,0,0,0,0,0,0,5,129,1,41.0,329,32,4,20,0.0,0.0,0.0,0.0,0.0,0.0,0,0
Normal,0,443,80890596.0,70,55,33162,45988.0,2375,0,473.74286,670.9528,2337,0,836.14545,754.0912,978.482097,1.545297058,652343.5161,2175147.188,10200000.0,2,80900000,1172327.478,2831180.444,10200000,48.0,80800000.0,1496972.389,3135352.003,10200000,48.0,0,0,0,0,2248.0,1768.0,0.865366352,0.679930705,0,2375,628.1746,727.8046,529699.5853,0,0,0,1,0,0,0,0,0,633.2,473.74286,836.14545,2248.0,0,0,0,0,0,0,70,33162,55,45988.0,29200,398,28,32,3389102.167,5239194.41946001,11138315.93200097,50962.0,10100000.0,163793.3818,10200000,9794337
Normal,0,53,97466.0,2,2,82,192.0,41,41,41.0,0.0,96,96,96.0,0.0,2811.236739,41.03995239,32488.66667,56268.55724,97462.0,1,1,1.0,0.0,1,1.0,3.0,3.0,0.0,3,3.0,0,0,0,0,64.0,64.0,20.5199762,20.5199762,41,96,63.0,30.12474,907.5,0,0,0,0,0,0,0,0,1,78.75,41.0,96.0,64.0,0,0,0,0,0,0,2,82,2,192.0,-1,-1,1,32,0.0,0.0,0.0,0.0,0.0,0.0,0,0
Normal,0,443,119165768.0,24,20,1154,7945.0,452,0,48.083332,117.069626,2896,0,397.25,753.03815,76.35582057,0.369233554,2771296.93,4390112.454,10000000.0,1,119000000,5181120.348,4901576.939,10000000,1.0,114000000.0,6016272.632,4923122.906,10000000,50.0,0,0,0,0,776.0,648.0,0.20140012,0.167833434,0,2896,202.2,532.17615,283211.4818,0,0,0,1,0,0,0,0,0,206.79546,48.083332,397.25,776.0,0,0,0,0,0,0,24,1154,20,7945.0,29200,130,5,32,379530.9091,1159974.304,3876985.0,29600.0,10000000.0,15429.76389,10000000,9968003
Normal,0,443,3179820.0,6,7,529,3151.0,342,0,88.166664,145.1157,1460,0,450.14285,590.0857,1157.298212,4.088281727,264985.0,853820.7474,2975070.0,1,204745,40949.0,39528.11719,90904,403.0,3119910.0,519985.0,1220558.033,3010842,1.0,0,0,0,0,132.0,152.0,1.886899258,2.201382468,0,1460,262.85715,455.07614,207094.2857,0,0,0,1,0,0,0,0,1,283.07693,88.166664,450.14285,132.0,0,0,0,0,0,0,6,529,7,3151.0,8192,17,2,20,0.0,0.0,0.0,0.0,0.0,0.0,0,0
Normal,0,443,5145422.0,9,7,382,6443.0,195,0,42.444443,69.66727,2636,0,920.4286,978.7999,1326.421817,3.109560304,343028.1333,1258367.373,4890985.0,3,5145422,643177.75,1716651.017,4890985,3.0,170491.0,28415.16667,30867.55222,60231,48.0,0,0,0,0,192.0,152.0,1.749127671,1.360432633,0,2636,401.47058,749.7342,562101.3897,0,0,0,1,0,0,0,0,0,426.5625,42.444443,920.4286,192.0,0,0,0,0,0,0,9,382,7,6443.0,8192,946,8,20,0.0,0.0,0.0,0.0,0.0,0.0,0,0
Normal,0,55474,31992.0,2,1,12,6.0,6,6,6.0,0.0,6,6,6.0,0.0,562.6406602,93.77344336,15996.0,22584.99059,31966.0,26,31992,31992.0,0.0,31992,31992.0,0.0,0.0,0.0,0,0.0,0,0,0,0,40.0,20.0,62.51562891,31.25781445,6,6,6.0,0.0,0.0,0,0,0,0,1,1,0,0,0,8.0,6.0,6.0,40.0,0,0,0,0,0,0,2,12,1,6.0,31680,64209,1,20,0.0,0.0,0.0,0.0,0.0,0.0,0,0
Normal,0,53,255.0,2,2,68,158.0,34,34,34.0,0.0,79,79,79.0,0.0,886274.5098,15686.27451,85.0,141.1701102,248.0,2,5,5.0,0.0,5,5.0,2.0,2.0,0.0,2,2.0,0,0,0,0,40.0,40.0,7843.137255,7843.137255,34,79,52.0,24.647514,607.5,0,0,0,0,0,0,0,0,1,65.0,34.0,79.0,40.0,0,0,0,0,0,0,2,68,2,158.0,-1,-1,1,20,0.0,0.0,0.0,0.0,0.0,0.0,0,0
Normal,0,53,252.0,2,2,74,154.0,37,37,37.0,0.0,77,77,77.0,0.0,904761.9048,15873.01587,84.0,105.7024125,203.0,1,1,1.0,0.0,1,1.0,48.0,48.0,0.0,48,48.0,0,0,0,0,64.0,80.0,7936.507937,7936.507937,37,77,53.0,21.908903,480.0,0,0,0,0,0,0,0,0,1,66.25,37.0,77.0,64.0,0,0,0,0,0,0,2,74,2,154.0,-1,-1,1,32,0.0,0.0,0.0,0.0,0.0,0.0,0,0
Normal,0,53,218450.0,4,2,116,160.0,29,29,29.0,0.0,80,80,80.0,0.0,1263.447013,27.46623941,43690.0,80673.45095,185767.0,3,32679,10893.0,18862.03329,32673,3.0,4.0,4.0,0.0,4,4.0,0,0,0,0,104.0,64.0,18.31082628,9.155413138,29,80,43.57143,24.885452,619.2857143,0,0,0,0,0,0,0,0,0,50.833332,29.0,80.0,104.0,0,0,0,0,0,0,4,116,2,160.0,-1,-1,3,20,0.0,0.0,0.0,0.0,0.0,0.0,0,0
Normal,0,443,4106690.0,11,10,905,5789.0,437,0,82.27273,142.60791,1460,0,578.9,723.5891,1630.023206,5.113607309,205334.5,893165.7128,3999821.0,2,106866,10686.6,9934.855109,23605,2.0,4087125.0,454125.0,1329715.382,3999856,3.0,0,0,0,0,244.0,212.0,2.67855621,2.4350511,0,1460,304.27274,547.9185,300214.684,0,0,0,1,0,0,0,0,0,318.7619,82.27273,578.9,244.0,0,0,0,0,0,0,11,905,10,5789.0,65535,31,10,20,0.0,0.0,0.0,0.0,0.0,0.0,0,0
Normal,0,52955,48.0,2,0,12,0.0,6,6,6.0,0.0,0,0,0.0,0.0,250000.0,41666.66667,48.0,0.0,48.0,48,48,48.0,0.0,48,48.0,0.0,0.0,0.0,0,0.0,0,0,0,0,40.0,0.0,41666.66667,0.0,6,6,6.0,0.0,0.0,1,0,0,0,0,0,0,0,0,9.0,6.0,0.0,40.0,0,0,0,0,0,0,2,12,0,0.0,0,-1,1,20,0.0,0.0,0.0,0.0,0.0,0.0,0,0
Normal,0,53,60533.0,1,1,62,230.0,62,62,62.0,0.0,230,230,230.0,0.0,4823.815109,33.03982951,60533.0,0.0,60533.0,60533,0,0.0,0.0,0,0.0,0.0,0.0,0.0,0,0.0,0,0,0,0,40.0,40.0,16.51991476,16.51991476,62,230,118.0,96.99484,9408.0,0,0,0,0,0,0,0,0,1,177.0,62.0,230.0,40.0,0,0,0,0,0,0,1,62,1,230.0,-1,-1,0,40,0.0,0.0,0.0,0.0,0.0,0.0,0,0
Normal,0,53,262.0,2,2,84,310.0,42,42,42.0,0.0,155,155,155.0,0.0,1503816.794,15267.17557,87.33333333,146.0696181,256.0,3,3,3.0,0.0,3,3.0,3.0,3.0,0.0,3,3.0,0,0,0,0,40.0,40.0,7633.587786,7633.587786,42,155,87.2,61.89265,3830.7,0,0,0,0,0,0,0,0,1,109.0,42.0,155.0,40.0,0,0,0,0,0,0,2,84,2,310.0,-1,-1,1,20,0.0,0.0,0.0,0.0,0.0,0.0,0,0
Normal,0,52772,47.0,1,1,0,0.0,0,0,0.0,0.0,0,0,0.0,0.0,0.0,42553.1914893617,47.0,0.0,47.0,47,0,0.0,0.0,0,0.0,0.0,0.0,0.0,0,0.0,0,0,0,0,32.0,32.0,21276.5957446809,21276.5957446809,0,0,0.0,0.0,0.0,0,0,0,0,1,1,0,0,1,0.0,0.0,0.0,32.0,0,0,0,0,0,0,1,0,1,0.0,110,237,0,32,0.0,0.0,0.0,0.0,0.0,0.0,0,0
Normal,0,443,10119960.0,8,11,5296,5833.0,4973,0,662.0,1743.5376,1713,0,530.2727,705.43933,1099.707904,1.877477777,562220.0,2355227.709,9999358.0,4,120598,17228.28571,18146.19265,41487,232.0,10100000.0,1008771.9,3159030.383,9999430,4.0,0,0,0,0,264.0,360.0,0.790516959,1.086960818,0,4973,556.45,1184.5988,1403274.155,0,0,0,1,0,0,0,0,1,585.7368,662.0,530.2727,264.0,0,0,0,0,0,0,8,5296,11,5833.0,29200,82,3,32,120598.0,0.0,120598.0,120598.0,9999358.0,0.0,9999358,9999358
Normal,0,53,160.0,2,2,88,120.0,44,44,44.0,0.0,60,60,60.0,0.0,1300000.0,25000.0,53.33333333,85.44783984,152.0,4,4,4.0,0.0,4,4.0,4.0,4.0,0.0,4,4.0,0,0,0,0,64.0,64.0,12500.0,12500.0,44,60,50.4,8.763561,76.8,0,0,0,0,0,0,0,0,1,63.0,44.0,60.0,64.0,0,0,0,0,0,0,2,88,2,120.0,-1,-1,1,32,0.0,0.0,0.0,0.0,0.0,0.0,0,0
Normal,0,53,48449.0,4,2,176,214.0,44,44,44.0,0.0,107,107,107.0,0.0,8049.7017482301,123.8415653574,9689.8,14204.3219021536,31409.0,3,31416,10472.0,18131.9738859287,31409,3.0,4.0,4.0,0.0,4,4.0,0,0,0,0,104.0,64.0,82.5610435716,41.2805217858,44,107,62.0,30.740852,945.0,0,0,0,0,0,0,0,0,0,72.333336,44.0,107.0,104.0,0,0,0,0,0,0,4,176,2,214.0,-1,-1,3,20,0.0,0.0,0.0,0.0,0.0,0.0,0,0
Normal,0,53,76189211.0,2,2,102,260.0,51,51,51.0,0.0,148,112,130.0,25.455845,4.7513288988,0.0525008718,25396403.6666667,43813243.8809193,75987447.0,432,75987879,75987879.0,0.0,75987879,75987879.0,76188779.0,76188779.0,0.0,76188779,76188779.0,0,0,0,0,52.0,64.0,0.0262504359,0.0262504359,51,148,82.6,45.103214,2034.3,0,0,0,0,0,0,0,0,1,103.25,51.0,130.0,52.0,0,0,0,0,0,0,2,102,2,260.0,-1,-1,1,20,432.0,0.0,432.0,432.0,75987447.0,0.0,75987447,75987447
Normal,0,80,75.0,2,0,12,0.0,6,6,6.0,0.0,0,0,0.0,0.0,160000.0,26666.6666666667,75.0,0.0,75.0,75,75,75.0,0.0,75,75.0,0.0,0.0,0.0,0,0.0,0,0,0,0,40.0,0.0,26666.6666666667,0.0,6,6,6.0,0.0,0.0,0,0,0,0,1,0,0,0,0,9.0,6.0,0.0,40.0,0,0,0,0,0,0,2,12,0,0.0,63015,-1,1,20,0.0,0.0,0.0,0.0,0.0,0.0,0,0
Normal,0,39213,10013009.0,1,6,1375,30.0,1375,1375,1375.0,0.0,6,0,5.0,2.4494898,140.317461,0.699090553,1668834.833,4065614.236,9967710.0,1,0,0.0,0.0,0,0.0,9992550.0,1998510.0,4454927.725,9967710,1.0,1,0,0,0,20.0,132.0,0.099870079,0.599220474,0,1375,347.5,634.1901,402197.1429,0,1,0,0,1,1,0,0,6,397.14285,1375.0,5.0,20.0,0,0,0,0,0,0,1,1375,6,30.0,229,0,0,20,45299.0,0.0,45299.0,45299.0,9967710.0,0.0,9967710,9967710
Normal,0,53,78411.0,1,1,51,79.0,51,51,51.0,0.0,79,79,79.0,0.0,1657.9306474857,25.5066253459,78411.0,0.0,78411.0,78411,0,0.0,0.0,0,0.0,0.0,0.0,0.0,0,0.0,0,0,0,0,32.0,20.0,12.753312673,12.753312673,51,79,60.333332,16.165808,261.3333333333,0,0,0,0,0,0,0,0,1,90.5,51.0,79.0,32.0,0,0,0,0,0,0,1,51,1,79.0,-1,-1,0,32,0.0,0.0,0.0,0.0,0.0,0.0,0,0
Normal,0,443,116765279.0,36,25,13032,2829.0,1658,0,362.0,547.9184,244,0,113.16,121.75648,135.8366128685,0.5224155718,1946087.98333333,3786385.99550643,10209481.0,57,116714547,3334701.34285714,4510603.9233067,10240013,161.0,116714602.0,4863108.41666667,4743951.84400819,10260254,222.0,0,0,0,0,1160.0,808.0,0.3083108293,0.2141047426,0,1658,255.82259,440.62946,194154.312268641,0,0,0,1,0,0,0,0,0,260.0164,362.0,113.16,1160.0,0,0,0,0,0,0,36,13032,25,2829.0,29200,221,13,32,829309.727272727,1357545.06553537,3545118.0,50694.0,9781103.63636364,943645.816693136,10209481,7150003
Normal,0,99,4.0,2,0,4,0.0,2,2,2.0,0.0,0,0,0.0,0.0,1000000.0,500000.0,4.0,0.0,4.0,4,4,4.0,0.0,4,4.0,0.0,0.0,0.0,0,0.0,0,0,0,0,48.0,0.0,500000.0,0.0,2,2,2.0,0.0,0.0,0,0,0,1,0,0,0,0,0,3.0,2.0,0.0,48.0,0,0,0,0,0,0,2,4,0,0.0,1024,-1,1,24,0.0,0.0,0.0,0.0,0.0,0.0,0,0
Normal,0,60225,300.0,2,1,0,0.0,0,0,0.0,0.0,0,0,0.0,0.0,0.0,10000.0,150.0,137.1787156,247.0,53,247,247.0,0.0,247,247.0,0.0,0.0,0.0,0,0.0,0,0,0,0,64.0,32.0,6666.666667,3333.333333,0,0,0.0,0.0,0.0,0,0,0,0,1,1,0,0,0,0.0,0.0,0.0,64.0,0,0,0,0,0,0,2,0,1,0.0,362,32832,0,32,0.0,0.0,0.0,0.0,0.0,0.0,0,0
Normal,0,443,412.0,3,0,18,0.0,6,6,6.0,0.0,0,0,0.0,0.0,43689.3203883495,7281.5533980583,206.0,214.9604614807,358.0,54,412,206.0,214.9604614807,358,54.0,0.0,0.0,0.0,0,0.0,0,0,0,0,60.0,0.0,7281.5533980583,0.0,6,6,6.0,0.0,0.0,0,0,0,0,1,0,0,0,0,8.0,6.0,0.0,60.0,0,0,0,0,0,0,3,18,0,0.0,16234,-1,2,20,0.0,0.0,0.0,0.0,0.0,0.0,0,0
Normal,0,5835,77.0,1,1,6,6.0,6,6,6.0,0.0,6,6,6.0,0.0,155844.155844156,25974.025974026,77.0,0.0,77.0,77,0,0.0,0.0,0,0.0,0.0,0.0,0.0,0,0.0,0,0,0,0,20.0,20.0,12987.012987013,12987.012987013,6,6,6.0,0.0,0.0,0,0,0,0,1,1,0,0,1,9.0,6.0,6.0,20.0,0,0,0,0,0,0,1,6,1,6.0,229,256,0,20,0.0,0.0,0.0,0.0,0.0,0.0,0,0
Normal,0,53,230.0,2,2,86,198.0,43,43,43.0,0.0,99,99,99.0,0.0,1234782.609,17391.30435,76.66666667,127.5944095,224.0,3,3,3.0,0.0,3,3.0,3.0,3.0,0.0,3,3.0,0,0,0,0,88.0,88.0,8695.652174,8695.652174,43,99,65.4,30.672462,940.8,0,0,0,0,0,0,0,0,1,81.75,43.0,99.0,88.0,0,0,0,0,0,0,2,86,2,198.0,-1,-1,1,44,0.0,0.0,0.0,0.0,0.0,0.0,0,0
Normal,0,53,211.0,2,2,80,112.0,40,40,40.0,0.0,56,56,56.0,0.0,909952.6066,18957.34597,70.33333333,37.81974793,114.0,48,48,48.0,0.0,48,48.0,49.0,49.0,0.0,49,49.0,0,0,0,0,64.0,64.0,9478.672986,9478.672986,40,56,46.4,8.763561,76.8,0,0,0,0,0,0,0,0,1,58.0,40.0,56.0,64.0,0,0,0,0,0,0,2,80,2,112.0,-1,-1,1,32,0.0,0.0,0.0,0.0,0.0,0.0,0,0
Normal,0,53,254.0,2,2,84,310.0,42,42,42.0,0.0,155,155,155.0,0.0,1551181.102,15748.0315,84.66666667,104.7107126,203.0,4,47,47.0,0.0,47,47.0,4.0,4.0,0.0,4,4.0,0,0,0,0,40.0,40.0,7874.015748,7874.015748,42,155,87.2,61.89265,3830.7,0,0,0,0,0,0,0,0,1,109.0,42.0,155.0,40.0,0,0,0,0,0,0,2,84,2,310.0,-1,-1,1,20,0.0,0.0,0.0,0.0,0.0,0.0,0,0
Normal,0,53,24022.0,1,1,51,112.0,51,51,51.0,0.0,112,112,112.0,0.0,6785.446674,83.2570144,24022.0,0.0,24022.0,24022,0,0.0,0.0,0,0.0,0.0,0.0,0.0,0,0.0,0,0,0,0,32.0,40.0,41.6285072,41.6285072,51,112,71.333336,35.218365,1240.333333,0,0,0,0,0,0,0,0,1,107.0,51.0,112.0,32.0,0,0,0,0,0,0,1,51,1,112.0,-1,-1,0,32,0.0,0.0,0.0,0.0,0.0,0.0,0,0
Normal,0,53,133297.0,4,2,192,300.0,48,48,48.0,0.0,150,150,150.0,0.0,3691.0057990803,45.0122658424,26659.4,44681.6206655488,103090.0,3,30203,10067.6666666667,17432.5140279116,30197,3.0,4.0,4.0,0.0,4,4.0,0,0,0,0,104.0,64.0,30.0081772283,15.0040886141,48,150,77.14286,49.770905,2477.1428571429,0,0,0,0,0,0,0,0,0,90.0,48.0,150.0,104.0,0,0,0,0,0,0,4,192,2,300.0,-1,-1,3,20,0.0,0.0,0.0,0.0,0.0,0.0,0,0
Normal,0,53,47284.0,4,2,124,254.0,31,31,31.0,0.0,127,127,127.0,0.0,7994.247526,126.8928179,9456.8,15411.16505,35463.0,1,35468,11822.66667,20473.12928,35463,1.0,3.0,3.0,0.0,3,3.0,0,0,0,0,80.0,40.0,84.59521191,42.29760596,31,127,58.42857,46.843204,2194.285714,0,0,0,0,0,0,0,0,0,68.166664,31.0,127.0,80.0,0,0,0,0,0,0,4,124,2,254.0,-1,-1,3,20,0.0,0.0,0.0,0.0,0.0,0.0,0,0
Normal,0,53,186.0,2,2,76,108.0,38,38,38.0,0.0,54,54,54.0,0.0,989247.3118,21505.37634,62.0,101.3262059,179.0,3,4,4.0,0.0,4,4.0,3.0,3.0,0.0,3,3.0,0,0,0,0,40.0,40.0,10752.68817,10752.68817,38,54,44.4,8.763561,76.8,0,0,0,0,0,0,0,0,1,55.5,38.0,54.0,40.0,0,0,0,0,0,0,2,76,2,108.0,-1,-1,1,20,0.0,0.0,0.0,0.0,0.0,0.0,0,0
Normal,0,443,3.0,2,0,31,0.0,31,0,15.5,21.920311,0,0,0.0,0.0,10300000.0,666666.6667,3.0,0.0,3.0,3,3,3.0,0.0,3,3.0,0.0,0.0,0.0,0,0.0,1,0,0,0,64.0,0.0,666666.6667,0.0,0,31,20.666666,17.897858,320.3333333,0,1,0,0,1,0,0,0,0,31.0,15.5,0.0,64.0,0,0,0,0,0,0,2,31,0,0.0,251,-1,0,32,0.0,0.0,0.0,0.0,0.0,0.0,0,0
Normal,0,61120,48.0,1,1,6,6.0,6,6,6.0,0.0,6,6,6.0,0.0,250000.0,41666.6666666667,48.0,0.0,48.0,48,0,0.0,0.0,0,0.0,0.0,0.0,0.0,0,0.0,0,0,0,0,20.0,20.0,20833.3333333333,20833.3333333333,6,6,6.0,0.0,0.0,0,0,0,0,1,0,0,0,1,9.0,6.0,6.0,20.0,0,0,0,0,0,0,1,6,1,6.0,32,32850,0,20,0.0,0.0,0.0,0.0,0.0,0.0,0,0
Normal,0,53,355.0,2,2,68,690.0,34,34,34.0,0.0,345,345,345.0,0.0,2135211.268,11267.60563,118.3333333,121.8209068,259.0,48,48,48.0,0.0,48,48.0,48.0,48.0,0.0,48,48.0,0,0,0,0,64.0,64.0,5633.802817,5633.802817,34,345,158.4,170.34172,29016.3,0,0,0,0,0,0,0,0,1,198.0,34.0,345.0,64.0,0,0,0,0,0,0,2,68,2,690.0,-1,-1,1,32,0.0,0.0,0.0,0.0,0.0,0.0,0,0
Normal,0,53,53452423.0,2,2,105,294.0,58,47,52.5,7.7781744,186,108,147.0,55.154327,7.464582101,0.074832903,17800000.0,30800000.0,53300000.0,48048,53400000,53400000.0,0.0,53400000,53400000.0,53400000.0,53400000.0,0.0,53400000,53400000.0,0,0,0,0,40.0,40.0,0.037416452,0.037416452,47,186,91.4,57.937897,3356.8,0,0,0,0,0,0,0,0,1,114.25,52.5,147.0,40.0,0,0,0,0,0,0,2,105,2,294.0,-1,-1,1,20,60779.0,0.0,60779.0,60779.0,53300000.0,0.0,53300000,53300000
Normal,0,53,30829.0,1,1,51,67.0,51,51,51.0,0.0,67,67,67.0,0.0,3827.564955,64.87398229,30829.0,0.0,30829.0,30829,0,0.0,0.0,0,0.0,0.0,0.0,0.0,0,0.0,0,0,0,0,32.0,32.0,32.43699114,32.43699114,51,67,56.333332,9.237604,85.33333333,0,0,0,0,0,0,0,0,1,84.5,51.0,67.0,32.0,0,0,0,0,0,0,1,51,1,67.0,-1,-1,0,32,0.0,0.0,0.0,0.0,0.0,0.0,0,0
Normal,0,80,99085.0,6,4,1503,799.0,1448,0,250.5,587.0652,799,0,199.75,399.5,23232.5780895191,100.9234495635,11009.4444444444,15876.2677691508,32326.0,163,99085,19817.0,17397.645314812,32848,706.0,66081.0,22027.0,18638.3174133289,33213,511.0,0,0,0,0,204.0,136.0,60.5540697381,40.3693798254,0,1448,209.27272,475.01413,225638.418181818,0,0,0,1,0,0,0,0,0,230.2,250.5,199.75,204.0,0,0,0,0,0,0,6,1503,4,799.0,65535,58,2,32,0.0,0.0,0.0,0.0,0.0,0.0,0,0
Normal,0,55185,720219.0,2,2,38,31.0,38,0,19.0,26.870058,31,0,15.5,21.920311,95.80419289,5.553866255,240073.0,293140.9112,566797.0,94,153422,153422.0,0.0,153422,153422.0,720125.0,720125.0,0.0,720125,720125.0,1,0,0,0,40.0,52.0,2.776933127,2.776933127,0,38,21.4,19.743353,389.8,0,1,0,0,1,0,0,0,1,26.75,19.0,15.5,40.0,0,0,0,0,0,0,2,38,2,31.0,35,256,0,20,0.0,0.0,0.0,0.0,0.0,0.0,0,0
Normal,0,36370,16.0,1,1,0,0.0,0,0,0.0,0.0,0,0,0.0,0.0,0.0,125000.0,16.0,0.0,16.0,16,0,0.0,0.0,0,0.0,0.0,0.0,0.0,0,0.0,0,0,0,0,32.0,32.0,62500.0,62500.0,0,0,0.0,0.0,0.0,0,0,0,0,1,0,0,0,1,0.0,0.0,0.0,32.0,0,0,0,0,0,0,1,0,1,0.0,390,2757,0,32,0.0,0.0,0.0,0.0,0.0,0.0,0,0
Normal,0,53,307.0,2,2,74,204.0,37,37,37.0,0.0,102,102,102.0,0.0,905537.459283388,13029.3159609121,102.3333333333,175.5144818336,305.0,1,1,1.0,0.0,1,1.0,1.0,1.0,0.0,1,1.0,0,0,0,0,40.0,40.0,6514.657980456,6514.657980456,37,102,63.0,35.601967,1267.5,0,0,0,0,0,0,0,0,1,78.75,37.0,102.0,40.0,0,0,0,0,0,0,2,74,2,204.0,-1,-1,1,20,0.0,0.0,0.0,0.0,0.0,0.0,0,0
Normal,0,50584,65.0,1,1,0,0.0,0,0,0.0,0.0,0,0,0.0,0.0,0.0,30769.2307692308,65.0,0.0,65.0,65,0,0.0,0.0,0,0.0,0.0,0.0,0.0,0,0.0,0,0,0,0,32.0,32.0,15384.6153846154,15384.6153846154,0,0,0.0,0.0,0.0,0,0,0,0,1,1,0,0,1,0.0,0.0,0.0,32.0,0,0,0,0,0,0,1,0,1,0.0,71,314,0,32,0.0,0.0,0.0,0.0,0.0,0.0,0,0
Normal,0,53,92604.0,1,1,46,168.0,46,46,46.0,0.0,168,168,168.0,0.0,2310.915295,21.59733921,92604.0,0.0,92604.0,92604,0,0.0,0.0,0,0.0,0.0,0.0,0.0,0,0.0,0,0,0,0,40.0,32.0,10.7986696,10.7986696,46,168,86.666664,70.43673,4961.333333,0,0,0,0,0,0,0,0,1,130.0,46.0,168.0,40.0,0,0,0,0,0,0,1,46,1,168.0,-1,-1,0,40,0.0,0.0,0.0,0.0,0.0,0.0,0,0
Normal,0,53,179.0,2,2,70,174.0,35,35,35.0,0.0,87,87,87.0,0.0,1363128.49162011,22346.3687150838,59.6666666667,63.3113997107,128.0,3,3,3.0,0.0,3,3.0,48.0,48.0,0.0,48,48.0,0,0,0,0,40.0,40.0,11173.1843575419,11173.1843575419,35,87,55.8,28.481573,811.2,0,0,0,0,0,0,0,0,1,69.75,35.0,87.0,40.0,0,0,0,0,0,0,2,70,2,174.0,-1,-1,1,20,0.0,0.0,0.0,0.0,0.0,0.0,0,0
Normal,0,53,571.0,1,1,51,112.0,51,51,51.0,0.0,112,112,112.0,0.0,285464.0981,3502.62697,571.0,0.0,571.0,571,0,0.0,0.0,0,0.0,0.0,0.0,0.0,0,0.0,0,0,0,0,20.0,20.0,1751.313485,1751.313485,51,112,71.333336,35.218365,1240.333333,0,0,0,0,0,0,0,0,1,107.0,51.0,112.0,20.0,0,0,0,0,0,0,1,51,1,112.0,-1,-1,0,20,0.0,0.0,0.0,0.0,0.0,0.0,0,0
Normal,0,59108,237.0,3,1,92,6.0,55,6,30.666666,24.501701,6,6,6.0,0.0,413502.1097,16877.63713,79.0,106.7145726,201.0,3,237,118.5,163.3416665,234,3.0,0.0,0.0,0.0,0,0.0,1,0,0,0,60.0,20.0,12658.22785,4219.409283,6,55,30.6,24.50102,600.3,0,1,0,0,1,0,0,0,0,38.25,30.666666,6.0,60.0,0,0,0,0,0,0,3,92,1,6.0,119,0,2,20,0.0,0.0,0.0,0.0,0.0,0.0,0,0
Normal,0,60304,4.0,2,0,31,0.0,31,0,15.5,21.920311,0,0,0.0,0.0,7750000.0,500000.0,4.0,0.0,4.0,4,4,4.0,0.0,4,4.0,0.0,0.0,0.0,0,0.0,1,0,0,0,64.0,0.0,500000.0,0.0,0,31,20.666666,17.897858,320.3333333,0,1,0,0,1,0,0,0,0,31.0,15.5,0.0,64.0,0,0,0,0,0,0,2,31,0,0.0,127,-1,0,32,0.0,0.0,0.0,0.0,0.0,0.0,0,0
Normal,0,36238,17072.0,2,1,12,6.0,6,6,6.0,0.0,6,6,6.0,0.0,1054.358013,175.7263355,8536.0,11933.13404,16974.0,98,17072,17072.0,0.0,17072,17072.0,0.0,0.0,0.0,0,0.0,0,0,0,0,40.0,20.0,117.1508903,58.57544517,6,6,6.0,0.0,0.0,0,0,0,0,1,1,0,0,0,8.0,6.0,6.0,40.0,0,0,0,0,0,0,2,12,1,6.0,8190,30135,1,20,0.0,0.0,0.0,0.0,0.0,0.0,0,0
Normal,0,53,23430.0,1,1,52,117.0,52,52,52.0,0.0,117,117,117.0,0.0,7212.974819,85.36064874,23430.0,0.0,23430.0,23430,0,0.0,0.0,0,0.0,0.0,0.0,0.0,0,0.0,0,0,0,0,20.0,32.0,42.68032437,42.68032437,52,117,73.666664,37.527767,1408.333333,0,0,0,0,0,0,0,0,1,110.5,52.0,117.0,20.0,0,0,0,0,0,0,1,52,1,117.0,-1,-1,0,20,0.0,0.0,0.0,0.0,0.0,0.0,0,0
Normal,0,55132,7164.0,2,0,12,0.0,6,6,6.0,0.0,0,0,0.0,0.0,1675.0418760469,279.1736460078,7164.0,0.0,7164.0,7164,7164,7164.0,0.0,7164,7164.0,0.0,0.0,0.0,0,0.0,0,0,0,0,40.0,0.0,279.1736460078,0.0,6,6,6.0,0.0,0.0,0,0,0,0,1,0,0,0,0,9.0,6.0,0.0,40.0,0,0,0,0,0,0,2,12,0,0.0,42340,-1,1,20,0.0,0.0,0.0,0.0,0.0,0.0,0,0
Normal,0,80,119793301.12600002,5,3,181,1642.0,181,0,36.2,80.94566,1642,0,547.3333,948.00916,15.2127259,0.066759082,17100000.0,45300000.0,115670479.57400194,32,120000000,30000000.0,56400000.0,116000000,33.0,24804.0,12402.0,15146.22725,23112,1692.0,0,0,0,0,112.0,72.0,0.041724426,0.025034656,0,1642,202.55556,543.1006,294958.2778,0,0,0,1,0,0,0,0,0,227.875,36.2,547.3333,112.0,0,0,0,0,0,0,5,181,3,1642.0,65535,946,1,20,0.0,0.0,0.0,0.0,0.0,0.0,0,0
Normal,0,53,92775.0,2,2,82,186.0,41,41,41.0,0.0,93,93,93.0,0.0,2888.709243,43.11506333,30925.0,53560.20713,92771.0,1,1,1.0,0.0,1,1.0,3.0,3.0,0.0,3,3.0,0,0,0,0,64.0,64.0,21.55753166,21.55753166,41,93,61.8,28.481573,811.2,0,0,0,0,0,0,0,0,1,77.25,41.0,93.0,64.0,0,0,0,0,0,0,2,82,2,186.0,-1,-1,1,32,0.0,0.0,0.0,0.0,0.0,0.0,0,0
Normal,0,53,162.0,2,2,68,182.0,34,34,34.0,0.0,91,91,91.0,0.0,1543209.877,24691.35802,54.0,86.60254038,154.0,4,4,4.0,0.0,4,4.0,4.0,4.0,0.0,4,4.0,0,0,0,0,64.0,64.0,12345.67901,12345.67901,34,91,56.8,31.220186,974.7,0,0,0,0,0,0,0,0,1,71.0,34.0,91.0,64.0,0,0,0,0,0,0,2,68,2,182.0,-1,-1,1,32,0.0,0.0,0.0,0.0,0.0,0.0,0,0
Normal,0,45368,17.0,3,1,0,0.0,0,0,0.0,0.0,0,0,0.0,0.0,0.0,235294.1176,5.666666667,8.082903769,15.0,1,2,1.0,0.0,1,1.0,0.0,0.0,0.0,0,0.0,0,0,0,0,96.0,44.0,176470.5882,58823.52941,0,0,0.0,0.0,0.0,0,0,0,0,1,1,0,0,0,0.0,0.0,0.0,96.0,0,0,0,0,0,0,3,0,1,0.0,65535,408,0,32,0.0,0.0,0.0,0.0,0.0,0.0,0,0
Normal,0,58454,70.0,1,1,0,0.0,0,0,0.0,0.0,0,0,0.0,0.0,0.0,28571.42857,70.0,0.0,70.0,70,0,0.0,0.0,0,0.0,0.0,0.0,0.0,0,0.0,0,0,0,0,32.0,32.0,14285.71429,14285.71429,0,0,0.0,0.0,0.0,0,0,0,0,1,1,0,0,1,0.0,0.0,0.0,32.0,0,0,0,0,0,0,1,0,1,0.0,151,575,0,32,0.0,0.0,0.0,0.0,0.0,0.0,0,0
Normal,0,53,24015.0,2,2,60,188.0,30,30,30.0,0.0,94,94,94.0,0.0,10326.87903,166.5625651,8005.0,13859.00455,24008.0,3,3,3.0,0.0,3,3.0,4.0,4.0,0.0,4,4.0,0,0,0,0,40.0,64.0,83.28128253,83.28128253,30,94,55.6,35.054245,1228.8,0,0,0,0,0,0,0,0,1,69.5,30.0,94.0,40.0,0,0,0,0,0,0,2,60,2,188.0,-1,-1,1,20,0.0,0.0,0.0,0.0,0.0,0.0,0,0
Normal,0,443,115335055.0,44,65,2400,73857.0,1567,0,54.545456,245.74684,1460,0,1136.2616,597.6616,661.1779914,0.945072597,1067917.176,3058807.599,10000000.0,3,115000000,2682210.581,4418419.093,10000000,3.0,110000000.0,1726147.859,3814312.163,10000000,48.0,0,0,0,0,892.0,1444.0,0.381497195,0.563575402,0,1567,693.2455,720.88477,519674.8108,0,0,0,1,0,0,0,0,1,699.6055,54.545456,1136.2616,892.0,0,0,0,0,0,0,44,2400,65,73857.0,8192,65,43,20,39124.36364,50622.49283,191750.0,23220.0,10000000.0,17620.58196,10000000,9953166
Normal,0,53,227.0,2,2,84,204.0,42,42,42.0,0.0,102,102,102.0,0.0,1268722.46696035,17621.1453744493,75.6666666667,90.9798512492,177.0,1,1,1.0,0.0,1,1.0,49.0,49.0,0.0,49,49.0,0,0,0,0,64.0,64.0,8810.5726872247,8810.5726872247,42,102,66.0,32.863354,1080.0,0,0,0,0,0,0,0,0,1,82.5,42.0,102.0,64.0,0,0,0,0,0,0,2,84,2,204.0,-1,-1,1,32,0.0,0.0,0.0,0.0,0.0,0.0,0,0
Normal,0,53,30642.0,1,1,95,207.0,95,95,95.0,0.0,207,207,207.0,0.0,9855.7535408916,65.2698909993,30642.0,0.0,30642.0,30642,0,0.0,0.0,0,0.0,0.0,0.0,0.0,0,0.0,0,0,0,0,32.0,32.0,32.6349454996,32.6349454996,95,207,132.33333,64.66323,4181.3333333333,0,0,0,0,0,0,0,0,1,198.5,95.0,207.0,32.0,0,0,0,0,0,0,1,95,1,207.0,-1,-1,0,32,0.0,0.0,0.0,0.0,0.0,0.0,0,0
PortScan,1,10621,56.0,1,1,2,6.0,2,2,2.0,0.0,6,6,6.0,0.0,142857.1429,35714.28571,56.0,0.0,56.0,56,0,0.0,0.0,0,0.0,0.0,0.0,0.0,0,0.0,0,0,0,0,24.0,20.0,17857.14286,17857.14286,2,6,3.3333333,2.309401,5.333333333,0,0,0,1,0,0,0,0,1,5.0,2.0,6.0,24.0,0,0,0,0,0,0,1,2,1,6.0,1024,0,0,24,0.0,0.0,0.0,0.0,0.0,0.0,0,0
PortScan,1,48080,43.0,1,1,2,6.0,2,2,2.0,0.0,6,6,6.0,0.0,186046.5116,46511.62791,43.0,0.0,43.0,43,0,0.0,0.0,0,0.0,0.0,0.0,0.0,0,0.0,0,0,0,0,24.0,20.0,23255.81395,23255.81395,2,6,3.3333333,2.309401,5.333333333,0,0,0,1,0,0,0,0,1,5.0,2.0,6.0,24.0,0,0,0,0,0,0,1,2,1,6.0,1024,0,0,24,0.0,0.0,0.0,0.0,0.0,0.0,0,0
PortScan,1,5802,83.0,1,1,2,6.0,2,2,2.0,0.0,6,6,6.0,0.0,96385.54217,24096.38554,83.0,0.0,83.0,83,0,0.0,0.0,0,0.0,0.0,0.0,0.0,0,0.0,0,0,0,0,24.0,20.0,12048.19277,12048.19277,2,6,3.3333333,2.309401,5.333333333,0,0,0,1,0,0,0,0,1,5.0,2.0,6.0,24.0,0,0,0,0,0,0,1,2,1,6.0,1024,0,0,24,0.0,0.0,0.0,0.0,0.0,0.0,0,0
PortScan,1,711,78.0,1,1,2,6.0,2,2,2.0,0.0,6,6,6.0,0.0,102564.1026,25641.02564,78.0,0.0,78.0,78,0,0.0,0.0,0,0.0,0.0,0.0,0.0,0,0.0,0,0,0,0,24.0,20.0,12820.51282,12820.51282,2,6,3.3333333,2.309401,5.333333333,0,0,0,1,0,0,0,0,1,5.0,2.0,6.0,24.0,0,0,0,0,0,0,1,2,1,6.0,1024,0,0,24,0.0,0.0,0.0,0.0,0.0,0.0,0,0
PortScan,1,9485,29.0,1,1,2,6.0,2,2,2.0,0.0,6,6,6.0,0.0,275862.069,68965.51724,29.0,0.0,29.0,29,0,0.0,0.0,0,0.0,0.0,0.0,0.0,0,0.0,0,0,0,0,24.0,20.0,34482.75862,34482.75862,2,6,3.3333333,2.309401,5.333333333,0,0,0,1,0,0,0,0,1,5.0,2.0,6.0,24.0,0,0,0,0,0,0,1,2,1,6.0,1024,0,0,24,0.0,0.0,0.0,0.0,0.0,0.0,0,0
PortScan,1,4000,27.0,1,1,2,6.0,2,2,2.0,0.0,6,6,6.0,0.0,296296.2963,74074.07407,27.0,0.0,27.0,27,0,0.0,0.0,0,0.0,0.0,0.0,0.0,0,0.0,0,0,0,0,24.0,20.0,37037.03704,37037.03704,2,6,3.3333333,2.309401,5.333333333,0,0,0,1,0,0,0,0,1,5.0,2.0,6.0,24.0,0,0,0,0,0,0,1,2,1,6.0,1024,0,0,24,0.0,0.0,0.0,0.0,0.0,0.0,0,0
PortScan,1,873,20.0,1,1,2,6.0,2,2,2.0,0.0,6,6,6.0,0.0,400000.0,100000.0,20.0,0.0,20.0,20,0,0.0,0.0,0,0.0,0.0,0.0,0.0,0,0.0,0,0,0,0,24.0,20.0,50000.0,50000.0,2,6,3.3333333,2.309401,5.333333333,0,0,0,1,0,0,0,0,1,5.0,2.0,6.0,24.0,0,0,0,0,0,0,1,2,1,6.0,1024,0,0,24,0.0,0.0,0.0,0.0,0.0,0.0,0,0
PortScan,1,17,52.0,1,1,0,6.0,0,0,0.0,0.0,6,6,6.0,0.0,115384.6154,38461.53846,52.0,0.0,52.0,52,0,0.0,0.0,0,0.0,0.0,0.0,0.0,0,0.0,0,0,0,0,40.0,20.0,19230.76923,19230.76923,0,6,2.0,3.4641016,12.0,0,0,0,1,0,0,0,0,1,3.0,0.0,6.0,40.0,0,0,0,0,0,0,1,0,1,6.0,29200,0,0,40,0.0,0.0,0.0,0.0,0.0,0.0,0,0
PortScan,1,1107,54.0,1,1,0,6.0,0,0,0.0,0.0,6,6,6.0,0.0,111111.1111,37037.03704,54.0,0.0,54.0,54,0,0.0,0.0,0,0.0,0.0,0.0,0.0,0,0.0,0,0,0,0,40.0,20.0,18518.51852,18518.51852,0,6,2.0,3.4641016,12.0,0,0,0,1,0,0,0,0,1,3.0,0.0,6.0,40.0,0,0,0,0,0,0,1,0,1,6.0,29200,0,0,40,0.0,0.0,0.0,0.0,0.0,0.0,0,0
PortScan,1,5357,55.0,1,1,0,6.0,0,0,0.0,0.0,6,6,6.0,0.0,109090.9091,36363.63636,55.0,0.0,55.0,55,0,0.0,0.0,0,0.0,0.0,0.0,0.0,0,0.0,0,0,0,0,40.0,20.0,18181.81818,18181.81818,0,6,2.0,3.4641016,12.0,0,0,0,1,0,0,0,0,1,3.0,0.0,6.0,40.0,0,0,0,0,0,0,1,0,1,6.0,29200,0,0,40,0.0,0.0,0.0,0.0,0.0,0.0,0,0
PortScan,1,3000,57.0,1,1,0,6.0,0,0,0.0,0.0,6,6,6.0,0.0,105263.1579,35087.7193,57.0,0.0,57.0,57,0,0.0,0.0,0,0.0,0.0,0.0,0.0,0,0.0,0,0,0,0,40.0,20.0,17543.85965,17543.85965,0,6,2.0,3.4641016,12.0,0,0,0,1,0,0,0,0,1,3.0,0.0,6.0,40.0,0,0,0,0,0,0,1,0,1,6.0,29200,0,0,40,0.0,0.0,0.0,0.0,0.0,0.0,0,0
PortScan,1,9100,53.0,1,1,2,6.0,2,2,2.0,0.0,6,6,6.0,0.0,150943.3962,37735.84906,53.0,0.0,53.0,53,0,0.0,0.0,0,0.0,0.0,0.0,0.0,0,0.0,0,0,0,0,24.0,20.0,18867.92453,18867.92453,2,6,3.3333333,2.309401,5.333333333,0,0,0,1,0,0,0,0,1,5.0,2.0,6.0,24.0,0,0,0,0,0,0,1,2,1,6.0,1024,0,0,24,0.0,0.0,0.0,0.0,0.0,0.0,0,0
PortScan,1,5226,51.0,1,1,2,6.0,2,2,2.0,0.0,6,6,6.0,0.0,156862.7451,39215.68627,51.0,0.0,51.0,51,0,0.0,0.0,0,0.0,0.0,0.0,0.0,0,0.0,0,0,0,0,24.0,20.0,19607.84314,19607.84314,2,6,3.3333333,2.309401,5.333333333,0,0,0,1,0,0,0,0,1,5.0,2.0,6.0,24.0,0,0,0,0,0,0,1,2,1,6.0,1024,0,0,24,0.0,0.0,0.0,0.0,0.0,0.0,0,0
PortScan,1,1104,68.0,1,1,0,6.0,0,0,0.0,0.0,6,6,6.0,0.0,88235.29412,29411.76471,68.0,0.0,68.0,68,0,0.0,0.0,0,0.0,0.0,0.0,0.0,0,0.0,0,0,0,0,40.0,20.0,14705.88235,14705.88235,0,6,2.0,3.4641016,12.0,0,0,0,1,0,0,0,0,1,3.0,0.0,6.0,40.0,0,0,0,0,0,0,1,0,1,6.0,29200,0,0,40,0.0,0.0,0.0,0.0,0.0,0.0,0,0
PortScan,1,3826,44.0,1,1,0,6.0,0,0,0.0,0.0,6,6,6.0,0.0,136363.6364,45454.54545,44.0,0.0,44.0,44,0,0.0,0.0,0,0.0,0.0,0.0,0.0,0,0.0,0,0,0,0,40.0,20.0,22727.27273,22727.27273,0,6,2.0,3.4641016,12.0,0,0,0,1,0,0,0,0,1,3.0,0.0,6.0,40.0,0,0,0,0,0,0,1,0,1,6.0,29200,0,0,40,0.0,0.0,0.0,0.0,0.0,0.0,0,0
PortScan,1,60020,40.0,1,1,0,6.0,0,0,0.0,0.0,6,6,6.0,0.0,150000.0,50000.0,40.0,0.0,40.0,40,0,0.0,0.0,0,0.0,0.0,0.0,0.0,0,0.0,0,0,0,0,40.0,20.0,25000.0,25000.0,0,6,2.0,3.4641016,12.0,0,0,0,1,0,0,0,0,1,3.0,0.0,6.0,40.0,0,0,0,0,0,0,1,0,1,6.0,29200,0,0,40,0.0,0.0,0.0,0.0,0.0,0.0,0,0
PortScan,1,10180,48.0,1,1,2,6.0,2,2,2.0,0.0,6,6,6.0,0.0,166666.6667,41666.66667,48.0,0.0,48.0,48,0,0.0,0.0,0,0.0,0.0,0.0,0.0,0,0.0,0,0,0,0,24.0,20.0,20833.33333,20833.33333,2,6,3.3333333,2.309401,5.333333333,0,0,0,1,0,0,0,0,1,5.0,2.0,6.0,24.0,0,0,0,0,0,0,1,2,1,6.0,1024,0,0,24,0.0,0.0,0.0,0.0,0.0,0.0,0,0
PortScan,1,5002,28.0,1,1,2,6.0,2,2,2.0,0.0,6,6,6.0,0.0,285714.2857,71428.57143,28.0,0.0,28.0,28,0,0.0,0.0,0,0.0,0.0,0.0,0.0,0,0.0,0,0,0,0,24.0,20.0,35714.28571,35714.28571,2,6,3.3333333,2.309401,5.333333333,0,0,0,1,0,0,0,0,1,5.0,2.0,6.0,24.0,0,0,0,0,0,0,1,2,1,6.0,1024,0,0,24,0.0,0.0,0.0,0.0,0.0,0.0,0,0
PortScan,1,10626,45.0,1,1,0,6.0,0,0,0.0,0.0,6,6,6.0,0.0,133333.3333,44444.44444,45.0,0.0,45.0,45,0,0.0,0.0,0,0.0,0.0,0.0,0.0,0,0.0,0,0,0,0,40.0,20.0,22222.22222,22222.22222,0,6,2.0,3.4641016,12.0,0,0,0,1,0,0,0,0,1,3.0,0.0,6.0,40.0,0,0,0,0,0,0,1,0,1,6.0,29200,0,0,40,0.0,0.0,0.0,0.0,0.0,0.0,0,0
PortScan,1,1300,18.0,1,1,2,6.0,2,2,2.0,0.0,6,6,6.0,0.0,444444.4444,111111.1111,18.0,0.0,18.0,18,0,0.0,0.0,0,0.0,0.0,0.0,0.0,0,0.0,0,0,0,0,24.0,20.0,55555.55556,55555.55556,2,6,3.3333333,2.309401,5.333333333,0,0,0,1,0,0,0,0,1,5.0,2.0,6.0,24.0,0,0,0,0,0,0,1,2,1,6.0,1024,0,0,24,0.0,0.0,0.0,0.0,0.0,0.0,0,0
PortScan,1,4000,63.0,1,1,2,6.0,2,2,2.0,0.0,6,6,6.0,0.0,126984.127,31746.03175,63.0,0.0,63.0,63,0,0.0,0.0,0,0.0,0.0,0.0,0.0,0,0.0,0,0,0,0,24.0,20.0,15873.01587,15873.01587,2,6,3.3333333,2.309401,5.333333333,0,0,0,1,0,0,0,0,1,5.0,2.0,6.0,24.0,0,0,0,0,0,0,1,2,1,6.0,1024,0,0,24,0.0,0.0,0.0,0.0,0.0,0.0,0,0
PortScan,1,30718,1.0,1,1,0,6.0,0,0,0.0,0.0,6,6,6.0,0.0,6000000.0,2000000.0,1.0,0.0,1.0,1,0,0.0,0.0,0,0.0,0.0,0.0,0.0,0,0.0,0,0,0,0,40.0,20.0,1000000.0,500000.0,0,6,2.0,3.4641016,12.0,0,0,0,1,0,0,0,0,1,3.0,0.0,6.0,40.0,0,0,0,0,0,0,1,0,1,6.0,29200,0,0,40,0.0,0.0,0.0,0.0,0.0,0.0,0,0
PortScan,1,6005,94.0,1,1,0,6.0,0,0,0.0,0.0,6,6,6.0,0.0,63829.78723,21276.59574,94.0,0.0,94.0,94,0,0.0,0.0,0,0.0,0.0,0.0,0.0,0,0.0,0,0,0,0,40.0,20.0,10638.29787,10638.29787,0,6,2.0,3.4641016,12.0,0,0,0,1,0,0,0,0,1,3.0,0.0,6.0,40.0,0,0,0,0,0,0,1,0,1,6.0,29200,0,0,40,0.0,0.0,0.0,0.0,0.0,0.0,0,0
PortScan,1,1111,43.0,1,1,2,6.0,2,2,2.0,0.0,6,6,6.0,0.0,186046.5116,46511.62791,43.0,0.0,43.0,43,0,0.0,0.0,0,0.0,0.0,0.0,0.0,0,0.0,0,0,0,0,24.0,20.0,23255.81395,23255.81395,2,6,3.3333333,2.309401,5.333333333,0,0,0,1,0,0,0,0,1,5.0,2.0,6.0,24.0,0,0,0,0,0,0,1,2,1,6.0,1024,0,0,24,0.0,0.0,0.0,0.0,0.0,0.0,0,0
PortScan,1,548,45.0,1,1,0,6.0,0,0,0.0,0.0,6,6,6.0,0.0,133333.3333,44444.44444,45.0,0.0,45.0,45,0,0.0,0.0,0,0.0,0.0,0.0,0.0,0,0.0,0,0,0,0,40.0,20.0,22222.22222,22222.22222,0,6,2.0,3.4641016,12.0,0,0,0,1,0,0,0,0,1,3.0,0.0,6.0,40.0,0,0,0,0,0,0,1,0,1,6.0,29200,0,0,40,0.0,0.0,0.0,0.0,0.0,0.0,0,0
PortScan,1,6565,95.0,1,1,2,6.0,2,2,2.0,0.0,6,6,6.0,0.0,84210.52632,21052.63158,95.0,0.0,95.0,95,0,0.0,0.0,0,0.0,0.0,0.0,0.0,0,0.0,0,0,0,0,24.0,20.0,10526.31579,10526.31579,2,6,3.3333333,2.309401,5.333333333,0,0,0,1,0,0,0,0,1,5.0,2.0,6.0,24.0,0,0,0,0,0,0,1,2,1,6.0,1024,0,0,24,0.0,0.0,0.0,0.0,0.0,0.0,0,0
PortScan,1,912,69.0,1,1,2,6.0,2,2,2.0,0.0,6,6,6.0,0.0,115942.029,28985.50725,69.0,0.0,69.0,69,0,0.0,0.0,0,0.0,0.0,0.0,0.0,0,0.0,0,0,0,0,24.0,20.0,14492.75362,14492.75362,2,6,3.3333333,2.309401,5.333333333,0,0,0,1,0,0,0,0,1,5.0,2.0,6.0,24.0,0,0,0,0,0,0,1,2,1,6.0,1024,0,0,24,0.0,0.0,0.0,0.0,0.0,0.0,0,0
PortScan,1,10010,24.0,1,1,0,6.0,0,0,0.0,0.0,6,6,6.0,0.0,250000.0,83333.33333,24.0,0.0,24.0,24,0,0.0,0.0,0,0.0,0.0,0.0,0.0,0,0.0,0,0,0,0,40.0,20.0,41666.66667,41666.66667,0,6,2.0,3.4641016,12.0,0,0,0,1,0,0,0,0,1,3.0,0.0,6.0,40.0,0,0,0,0,0,0,1,0,1,6.0,29200,0,0,40,0.0,0.0,0.0,0.0,0.0,0.0,0,0
PortScan,1,3369,103.0,1,1,0,6.0,0,0,0.0,0.0,6,6,6.0,0.0,58252.42718,19417.47573,103.0,0.0,103.0,103,0,0.0,0.0,0,0.0,0.0,0.0,0.0,0,0.0,0,0,0,0,40.0,20.0,9708.737864,9708.737864,0,6,2.0,3.4641016,12.0,0,0,0,1,0,0,0,0,1,3.0,0.0,6.0,40.0,0,0,0,0,0,0,1,0,1,6.0,29200,0,0,40,0.0,0.0,0.0,0.0,0.0,0.0,0,0
PortScan,1,8045,14.0,1,1,2,6.0,2,2,2.0,0.0,6,6,6.0,0.0,571428.5714,142857.1429,14.0,0.0,14.0,14,0,0.0,0.0,0,0.0,0.0,0.0,0.0,0,0.0,0,0,0,0,24.0,20.0,71428.57143,71428.57143,2,6,3.3333333,2.309401,5.333333333,0,0,0,1,0,0,0,0,1,5.0,2.0,6.0,24.0,0,0,0,0,0,0,1,2,1,6.0,1024,0,0,24,0.0,0.0,0.0,0.0,0.0,0.0,0,0
PortScan,1,903,42.0,1,1,0,6.0,0,0,0.0,0.0,6,6,6.0,0.0,142857.1429,47619.04762,42.0,0.0,42.0,42,0,0.0,0.0,0,0.0,0.0,0.0,0.0,0,0.0,0,0,0,0,40.0,20.0,23809.52381,23809.52381,0,6,2.0,3.4641016,12.0,0,0,0,1,0,0,0,0,1,3.0,0.0,6.0,40.0,0,0,0,0,0,0,1,0,1,6.0,29200,0,0,40,0.0,0.0,0.0,0.0,0.0,0.0,0,0
PortScan,1,2004,29.0,1,1,2,6.0,2,2,2.0,0.0,6,6,6.0,0.0,275862.069,68965.51724,29.0,0.0,29.0,29,0,0.0,0.0,0,0.0,0.0,0.0,0.0,0,0.0,0,0,0,0,24.0,20.0,34482.75862,34482.75862,2,6,3.3333333,2.309401,5.333333333,0,0,0,1,0,0,0,0,1,5.0,2.0,6.0,24.0,0,0,0,0,0,0,1,2,1,6.0,1024,0,0,24,0.0,0.0,0.0,0.0,0.0,0.0,0,0
PortScan,1,512,39.0,1,1,2,6.0,2,2,2.0,0.0,6,6,6.0,0.0,205128.2051,51282.05128,39.0,0.0,39.0,39,0,0.0,0.0,0,0.0,0.0,0.0,0.0,0,0.0,0,0,0,0,24.0,20.0,25641.02564,25641.02564,2,6,3.3333333,2.309401,5.333333333,0,0,0,1,0,0,0,0,1,5.0,2.0,6.0,24.0,0,0,0,0,0,0,1,2,1,6.0,1024,0,0,24,0.0,0.0,0.0,0.0,0.0,0.0,0,0
PortScan,1,10566,62.0,1,1,2,6.0,2,2,2.0,0.0,6,6,6.0,0.0,129032.2581,32258.06452,62.0,0.0,62.0,62,0,0.0,0.0,0,0.0,0.0,0.0,0.0,0,0.0,0,0,0,0,24.0,20.0,16129.03226,16129.03226,2,6,3.3333333,2.309401,5.333333333,0,0,0,1,0,0,0,0,1,5.0,2.0,6.0,24.0,0,0,0,0,0,0,1,2,1,6.0,1024,0,0,24,0.0,0.0,0.0,0.0,0.0,0.0,0,0
PortScan,1,50636,46.0,1,1,2,6.0,2,2,2.0,0.0,6,6,6.0,0.0,173913.0435,43478.26087,46.0,0.0,46.0,46,0,0.0,0.0,0,0.0,0.0,0.0,0.0,0,0.0,0,0,0,0,24.0,20.0,21739.13043,21739.13043,2,6,3.3333333,2.309401,5.333333333,0,0,0,1,0,0,0,0,1,5.0,2.0,6.0,24.0,0,0,0,0,0,0,1,2,1,6.0,1024,0,0,24,0.0,0.0,0.0,0.0,0.0,0.0,0,0
PortScan,1,20031,91.0,1,1,0,6.0,0,0,0.0,0.0,6,6,6.0,0.0,65934.06593,21978.02198,91.0,0.0,91.0,91,0,0.0,0.0,0,0.0,0.0,0.0,0.0,0,0.0,0,0,0,0,40.0,20.0,10989.01099,10989.01099,0,6,2.0,3.4641016,12.0,0,0,0,1,0,0,0,0,1,3.0,0.0,6.0,40.0,0,0,0,0,0,0,1,0,1,6.0,29200,0,0,40,0.0,0.0,0.0,0.0,0.0,0.0,0,0
PortScan,1,4002,81.0,1,1,2,6.0,2,2,2.0,0.0,6,6,6.0,0.0,98765.4321,24691.35802,81.0,0.0,81.0,81,0,0.0,0.0,0,0.0,0.0,0.0,0.0,0,0.0,0,0,0,0,24.0,20.0,12345.67901,12345.67901,2,6,3.3333333,2.309401,5.333333333,0,0,0,1,0,0,0,0,1,5.0,2.0,6.0,24.0,0,0,0,0,0,0,1,2,1,6.0,1024,0,0,24,0.0,0.0,0.0,0.0,0.0,0.0,0,0
PortScan,1,1009,44.0,1,1,0,6.0,0,0,0.0,0.0,6,6,6.0,0.0,136363.6364,45454.54545,44.0,0.0,44.0,44,0,0.0,0.0,0,0.0,0.0,0.0,0.0,0,0.0,0,0,0,0,40.0,20.0,22727.27273,22727.27273,0,6,2.0,3.4641016,12.0,0,0,0,1,0,0,0,0,1,3.0,0.0,6.0,40.0,0,0,0,0,0,0,1,0,1,6.0,29200,0,0,40,0.0,0.0,0.0,0.0,0.0,0.0,0,0
PortScan,1,1192,54.0,1,1,2,6.0,2,2,2.0,0.0,6,6,6.0,0.0,148148.1481,37037.03704,54.0,0.0,54.0,54,0,0.0,0.0,0,0.0,0.0,0.0,0.0,0,0.0,0,0,0,0,24.0,20.0,18518.51852,18518.51852,2,6,3.3333333,2.309401,5.333333333,0,0,0,1,0,0,0,0,1,5.0,2.0,6.0,24.0,0,0,0,0,0,0,1,2,1,6.0,1024,0,0,24,0.0,0.0,0.0,0.0,0.0,0.0,0,0
PortScan,1,1031,57.0,1,1,2,6.0,2,2,2.0,0.0,6,6,6.0,0.0,140350.8772,35087.7193,57.0,0.0,57.0,57,0,0.0,0.0,0,0.0,0.0,0.0,0.0,0,0.0,0,0,0,0,24.0,20.0,17543.85965,17543.85965,2,6,3.3333333,2.309401,5.333333333,0,0,0,1,0,0,0,0,1,5.0,2.0,6.0,24.0,0,0,0,0,0,0,1,2,1,6.0,1024,0,0,24,0.0,0.0,0.0,0.0,0.0,0.0,0,0
PortScan,1,1521,8.0,1,1,0,6.0,0,0,0.0,0.0,6,6,6.0,0.0,750000.0,250000.0,8.0,0.0,8.0,8,0,0.0,0.0,0,0.0,0.0,0.0,0.0,0,0.0,0,0,0,0,40.0,20.0,125000.0,125000.0,0,6,2.0,3.4641016,12.0,0,0,0,1,0,0,0,0,1,3.0,0.0,6.0,40.0,0,0,0,0,0,0,1,0,1,6.0,29200,0,0,40,0.0,0.0,0.0,0.0,0.0,0.0,0,0
PortScan,1,9040,26.0,1,1,2,6.0,2,2,2.0,0.0,6,6,6.0,0.0,307692.3077,76923.07692,26.0,0.0,26.0,26,0,0.0,0.0,0,0.0,0.0,0.0,0.0,0,0.0,0,0,0,0,24.0,20.0,38461.53846,38461.53846,2,6,3.3333333,2.309401,5.333333333,0,0,0,1,0,0,0,0,1,5.0,2.0,6.0,24.0,0,0,0,0,0,0,1,2,1,6.0,1024,0,0,24,0.0,0.0,0.0,0.0,0.0,0.0,0,0
PortScan,1,50000,58.0,1,1,2,6.0,2,2,2.0,0.0,6,6,6.0,0.0,137931.0345,34482.75862,58.0,0.0,58.0,58,0,0.0,0.0,0,0.0,0.0,0.0,0.0,0,0.0,0,0,0,0,24.0,20.0,17241.37931,17241.37931,2,6,3.3333333,2.309401,5.333333333,0,0,0,1,0,0,0,0,1,5.0,2.0,6.0,24.0,0,0,0,0,0,0,1,2,1,6.0,1024,0,0,24,0.0,0.0,0.0,0.0,0.0,0.0,0,0
PortScan,1,1066,67.0,1,1,0,6.0,0,0,0.0,0.0,6,6,6.0,0.0,89552.23881,29850.74627,67.0,0.0,67.0,67,0,0.0,0.0,0,0.0,0.0,0.0,0.0,0,0.0,0,0,0,0,40.0,20.0,14925.37313,14925.37313,0,6,2.0,3.4641016,12.0,0,0,0,1,0,0,0,0,1,3.0,0.0,6.0,40.0,0,0,0,0,0,0,1,0,1,6.0,29200,0,0,40,0.0,0.0,0.0,0.0,0.0,0.0,0,0
PortScan,1,787,37.0,1,1,0,6.0,0,0,0.0,0.0,6,6,6.0,0.0,162162.1622,54054.05405,37.0,0.0,37.0,37,0,0.0,0.0,0,0.0,0.0,0.0,0.0,0,0.0,0,0,0,0,40.0,20.0,27027.02703,27027.02703,0,6,2.0,3.4641016,12.0,0,0,0,1,0,0,0,0,1,3.0,0.0,6.0,40.0,0,0,0,0,0,0,1,0,1,6.0,29200,0,0,40,0.0,0.0,0.0,0.0,0.0,0.0,0,0
PortScan,1,17,44.0,1,1,2,6.0,2,2,2.0,0.0,6,6,6.0,0.0,181818.1818,45454.54545,44.0,0.0,44.0,44,0,0.0,0.0,0,0.0,0.0,0.0,0.0,0,0.0,0,0,0,0,24.0,20.0,22727.27273,22727.27273,2,6,3.3333333,2.309401,5.333333333,0,0,0,1,0,0,0,0,1,5.0,2.0,6.0,24.0,0,0,0,0,0,0,1,2,1,6.0,1024,0,0,24,0.0,0.0,0.0,0.0,0.0,0.0,0,0
PortScan,1,222,44.0,1,1,0,6.0,0,0,0.0,0.0,6,6,6.0,0.0,136363.6364,45454.54545,44.0,0.0,44.0,44,0,0.0,0.0,0,0.0,0.0,0.0,0.0,0,0.0,0,0,0,0,40.0,20.0,22727.27273,22727.27273,0,6,2.0,3.4641016,12.0,0,0,0,1,0,0,0,0,1,3.0,0.0,6.0,40.0,0,0,0,0,0,0,1,0,1,6.0,29200,0,0,40,0.0,0.0,0.0,0.0,0.0,0.0,0,0
PortScan,1,1122,43.0,1,1,0,6.0,0,0,0.0,0.0,6,6,6.0,0.0,139534.8837,46511.62791,43.0,0.0,43.0,43,0,0.0,0.0,0,0.0,0.0,0.0,0.0,0,0.0,0,0,0,0,40.0,20.0,23255.81395,23255.81395,0,6,2.0,3.4641016,12.0,0,0,0,1,0,0,0,0,1,3.0,0.0,6.0,40.0,0,0,0,0,0,0,1,0,1,6.0,29200,0,0,40,0.0,0.0,0.0,0.0,0.0,0.0,0,0
PortScan,1,3580,44.0,1,1,0,6.0,0,0,0.0,0.0,6,6,6.0,0.0,136363.6364,45454.54545,44.0,0.0,44.0,44,0,0.0,0.0,0,0.0,0.0,0.0,0.0,0,0.0,0,0,0,0,40.0,20.0,22727.27273,22727.27273,0,6,2.0,3.4641016,12.0,0,0,0,1,0,0,0,0,1,3.0,0.0,6.0,40.0,0,0,0,0,0,0,1,0,1,6.0,29200,0,0,40,0.0,0.0,0.0,0.0,0.0,0.0,0,0
PortScan,1,465,52.0,1,1,0,6.0,0,0,0.0,0.0,6,6,6.0,0.0,115384.6154,38461.53846,52.0,0.0,52.0,52,0,0.0,0.0,0,0.0,0.0,0.0,0.0,0,0.0,0,0,0,0,40.0,20.0,19230.76923,19230.76923,0,6,2.0,3.4641016,12.0,0,0,0,1,0,0,0,0,1,3.0,0.0,6.0,40.0,0,0,0,0,0,0,1,0,1,6.0,29200,0,0,40,0.0,0.0,0.0,0.0,0.0,0.0,0,0
PortScan,1,548,42.0,1,1,2,6.0,2,2,2.0,0.0,6,6,6.0,0.0,190476.1905,47619.04762,42.0,0.0,42.0,42,0,0.0,0.0,0,0.0,0.0,0.0,0.0,0,0.0,0,0,0,0,24.0,20.0,23809.52381,23809.52381,2,6,3.3333333,2.309401,5.333333333,0,0,0,1,0,0,0,0,1,5.0,2.0,6.0,24.0,0,0,0,0,0,0,1,2,1,6.0,1024,0,0,24,0.0,0.0,0.0,0.0,0.0,0.0,0,0
PortScan,1,3367,66.0,1,1,0,6.0,0,0,0.0,0.0,6,6,6.0,0.0,90909.09091,30303.0303,66.0,0.0,66.0,66,0,0.0,0.0,0,0.0,0.0,0.0,0.0,0,0.0,0,0,0,0,40.0,20.0,15151.51515,15151.51515,0,6,2.0,3.4641016,12.0,0,0,0,1,0,0,0,0,1,3.0,0.0,6.0,40.0,0,0,0,0,0,0,1,0,1,6.0,29200,0,0,40,0.0,0.0,0.0,0.0,0.0,0.0,0,0
PortScan,1,80,627.0,2,1,8,2.0,6,2,4.0,2.828427,2,2,2.0,0.0,15948.96332,4784.688995,313.5,348.6036431,560.0,67,627,627.0,0.0,627,627.0,0.0,0.0,0.0,0,0.0,0,0,0,0,44.0,24.0,3189.792663,1594.896332,2,6,3.0,2.0,4.0,0,0,0,1,0,0,0,0,0,4.0,4.0,2.0,44.0,0,0,0,0,0,0,2,8,1,2.0,1024,29200,1,20,0.0,0.0,0.0,0.0,0.0,0.0,0,0
PortScan,1,1072,45.0,1,1,0,6.0,0,0,0.0,0.0,6,6,6.0,0.0,133333.3333,44444.44444,45.0,0.0,45.0,45,0,0.0,0.0,0,0.0,0.0,0.0,0.0,0,0.0,0,0,0,0,40.0,20.0,22222.22222,22222.22222,0,6,2.0,3.4641016,12.0,0,0,0,1,0,0,0,0,1,3.0,0.0,6.0,40.0,0,0,0,0,0,0,1,0,1,6.0,29200,0,0,40,0.0,0.0,0.0,0.0,0.0,0.0,0,0
PortScan,1,17988,12.0,1,1,2,6.0,2,2,2.0,0.0,6,6,6.0,0.0,666666.6667,166666.6667,12.0,0.0,12.0,12,0,0.0,0.0,0,0.0,0.0,0.0,0.0,0,0.0,0,0,0,0,24.0,20.0,83333.33333,83333.33333,2,6,3.3333333,2.309401,5.333333333,0,0,0,1,0,0,0,0,1,5.0,2.0,6.0,24.0,0,0,0,0,0,0,1,2,1,6.0,1024,0,0,24,0.0,0.0,0.0,0.0,0.0,0.0,0,0
PortScan,1,3221,48.0,1,1,2,6.0,2,2,2.0,0.0,6,6,6.0,0.0,166666.6667,41666.66667,48.0,0.0,48.0,48,0,0.0,0.0,0,0.0,0.0,0.0,0.0,0,0.0,0,0,0,0,24.0,20.0,20833.33333,20833.33333,2,6,3.3333333,2.309401,5.333333333,0,0,0,1,0,0,0,0,1,5.0,2.0,6.0,24.0,0,0,0,0,0,0,1,2,1,6.0,1024,0,0,24,0.0,0.0,0.0,0.0,0.0,0.0,0,0
PortScan,1,3030,26.0,1,1,2,6.0,2,2,2.0,0.0,6,6,6.0,0.0,307692.3077,76923.07692,26.0,0.0,26.0,26,0,0.0,0.0,0,0.0,0.0,0.0,0.0,0,0.0,0,0,0,0,24.0,20.0,38461.53846,38461.53846,2,6,3.3333333,2.309401,5.333333333,0,0,0,1,0,0,0,0,1,5.0,2.0,6.0,24.0,0,0,0,0,0,0,1,2,1,6.0,1024,0,0,24,0.0,0.0,0.0,0.0,0.0,0.0,0,0
PortScan,1,1352,46.0,1,1,0,6.0,0,0,0.0,0.0,6,6,6.0,0.0,130434.7826,43478.26087,46.0,0.0,46.0,46,0,0.0,0.0,0,0.0,0.0,0.0,0.0,0,0.0,0,0,0,0,40.0,20.0,21739.13043,21739.13043,0,6,2.0,3.4641016,12.0,0,0,0,1,0,0,0,0,1,3.0,0.0,6.0,40.0,0,0,0,0,0,0,1,0,1,6.0,29200,0,0,40,0.0,0.0,0.0,0.0,0.0,0.0,0,0
PortScan,1,1164,26.0,1,1,2,6.0,2,2,2.0,0.0,6,6,6.0,0.0,307692.3077,76923.07692,26.0,0.0,26.0,26,0,0.0,0.0,0,0.0,0.0,0.0,0.0,0,0.0,0,0,0,0,24.0,20.0,38461.53846,38461.53846,2,6,3.3333333,2.309401,5.333333333,0,0,0,1,0,0,0,0,1,5.0,2.0,6.0,24.0,0,0,0,0,0,0,1,2,1,6.0,1024,0,0,24,0.0,0.0,0.0,0.0,0.0,0.0,0,0
PortScan,1,5862,51.0,1,1,2,6.0,2,2,2.0,0.0,6,6,6.0,0.0,156862.7451,39215.68627,51.0,0.0,51.0,51,0,0.0,0.0,0,0.0,0.0,0.0,0.0,0,0.0,0,0,0,0,24.0,20.0,19607.84314,19607.84314,2,6,3.3333333,2.309401,5.333333333,0,0,0,1,0,0,0,0,1,5.0,2.0,6.0,24.0,0,0,0,0,0,0,1,2,1,6.0,1024,0,0,24,0.0,0.0,0.0,0.0,0.0,0.0,0,0
PortScan,1,5988,44.0,1,1,2,6.0,2,2,2.0,0.0,6,6,6.0,0.0,181818.1818,45454.54545,44.0,0.0,44.0,44,0,0.0,0.0,0,0.0,0.0,0.0,0.0,0,0.0,0,0,0,0,24.0,20.0,22727.27273,22727.27273,2,6,3.3333333,2.309401,5.333333333,0,0,0,1,0,0,0,0,1,5.0,2.0,6.0,24.0,0,0,0,0,0,0,1,2,1,6.0,1024,0,0,24,0.0,0.0,0.0,0.0,0.0,0.0,0,0
PortScan,1,3268,48.0,1,1,2,6.0,2,2,2.0,0.0,6,6,6.0,0.0,166666.6667,41666.66667,48.0,0.0,48.0,48,0,0.0,0.0,0,0.0,0.0,0.0,0.0,0,0.0,0,0,0,0,24.0,20.0,20833.33333,20833.33333,2,6,3.3333333,2.309401,5.333333333,0,0,0,1,0,0,0,0,1,5.0,2.0,6.0,24.0,0,0,0,0,0,0,1,2,1,6.0,1024,0,0,24,0.0,0.0,0.0,0.0,0.0,0.0,0,0
PortScan,1,3889,25.0,1,1,0,6.0,0,0,0.0,0.0,6,6,6.0,0.0,240000.0,80000.0,25.0,0.0,25.0,25,0,0.0,0.0,0,0.0,0.0,0.0,0.0,0,0.0,0,0,0,0,40.0,20.0,40000.0,40000.0,0,6,2.0,3.4641016,12.0,0,0,0,1,0,0,0,0,1,3.0,0.0,6.0,40.0,0,0,0,0,0,0,1,0,1,6.0,29200,0,0,40,0.0,0.0,0.0,0.0,0.0,0.0,0,0
PortScan,1,5850,27.0,1,1,2,6.0,2,2,2.0,0.0,6,6,6.0,0.0,296296.2963,74074.07407,27.0,0.0,27.0,27,0,0.0,0.0,0,0.0,0.0,0.0,0.0,0,0.0,0,0,0,0,24.0,20.0,37037.03704,37037.03704,2,6,3.3333333,2.309401,5.333333333,0,0,0,1,0,0,0,0,1,5.0,2.0,6.0,24.0,0,0,0,0,0,0,1,2,1,6.0,1024,0,0,24,0.0,0.0,0.0,0.0,0.0,0.0,0,0
PortScan,1,3322,44.0,1,1,0,6.0,0,0,0.0,0.0,6,6,6.0,0.0,136363.6364,45454.54545,44.0,0.0,44.0,44,0,0.0,0.0,0,0.0,0.0,0.0,0.0,0,0.0,0,0,0,0,40.0,20.0,22727.27273,22727.27273,0,6,2.0,3.4641016,12.0,0,0,0,1,0,0,0,0,1,3.0,0.0,6.0,40.0,0,0,0,0,0,0,1,0,1,6.0,29200,0,0,40,0.0,0.0,0.0,0.0,0.0,0.0,0,0
PortScan,1,1081,74.0,1,1,2,6.0,2,2,2.0,0.0,6,6,6.0,0.0,108108.1081,27027.02703,74.0,0.0,74.0,74,0,0.0,0.0,0,0.0,0.0,0.0,0.0,0,0.0,0,0,0,0,24.0,20.0,13513.51351,13513.51351,2,6,3.3333333,2.309401,5.333333333,0,0,0,1,0,0,0,0,1,5.0,2.0,6.0,24.0,0,0,0,0,0,0,1,2,1,6.0,1024,0,0,24,0.0,0.0,0.0,0.0,0.0,0.0,0,0
PortScan,1,259,44.0,1,1,2,6.0,2,2,2.0,0.0,6,6,6.0,0.0,181818.1818,45454.54545,44.0,0.0,44.0,44,0,0.0,0.0,0,0.0,0.0,0.0,0.0,0,0.0,0,0,0,0,24.0,20.0,22727.27273,22727.27273,2,6,3.3333333,2.309401,5.333333333,0,0,0,1,0,0,0,0,1,5.0,2.0,6.0,24.0,0,0,0,0,0,0,1,2,1,6.0,1024,0,0,24,0.0,0.0,0.0,0.0,0.0,0.0,0,0
PortScan,1,24800,29.0,1,1,0,6.0,0,0,0.0,0.0,6,6,6.0,0.0,206896.5517,68965.51724,29.0,0.0,29.0,29,0,0.0,0.0,0,0.0,0.0,0.0,0.0,0,0.0,0,0,0,0,40.0,20.0,34482.75862,34482.75862,0,6,2.0,3.4641016,12.0,0,0,0,1,0,0,0,0,1,3.0,0.0,6.0,40.0,0,0,0,0,0,0,1,0,1,6.0,29200,0,0,40,0.0,0.0,0.0,0.0,0.0,0.0,0,0
PortScan,1,1082,30.0,1,1,0,6.0,0,0,0.0,0.0,6,6,6.0,0.0,200000.0,66666.66667,30.0,0.0,30.0,30,0,0.0,0.0,0,0.0,0.0,0.0,0.0,0,0.0,0,0,0,0,40.0,20.0,33333.33333,33333.33333,0,6,2.0,3.4641016,12.0,0,0,0,1,0,0,0,0,1,3.0,0.0,6.0,40.0,0,0,0,0,0,0,1,0,1,6.0,29200,0,0,40,0.0,0.0,0.0,0.0,0.0,0.0,0,0
PortScan,1,3689,51.0,1,1,0,6.0,0,0,0.0,0.0,6,6,6.0,0.0,117647.0588,39215.68627,51.0,0.0,51.0,51,0,0.0,0.0,0,0.0,0.0,0.0,0.0,0,0.0,0,0,0,0,40.0,20.0,19607.84314,19607.84314,0,6,2.0,3.4641016,12.0,0,0,0,1,0,0,0,0,1,3.0,0.0,6.0,40.0,0,0,0,0,0,0,1,0,1,6.0,29200,0,0,40,0.0,0.0,0.0,0.0,0.0,0.0,0,0
PortScan,1,1556,50.0,1,1,2,6.0,2,2,2.0,0.0,6,6,6.0,0.0,160000.0,40000.0,50.0,0.0,50.0,50,0,0.0,0.0,0,0.0,0.0,0.0,0.0,0,0.0,0,0,0,0,24.0,20.0,20000.0,20000.0,2,6,3.3333333,2.309401,5.333333333,0,0,0,1,0,0,0,0,1,5.0,2.0,6.0,24.0,0,0,0,0,0,0,1,2,1,6.0,1024,0,0,24,0.0,0.0,0.0,0.0,0.0,0.0,0,0
PortScan,1,5061,42.0,1,1,0,6.0,0,0,0.0,0.0,6,6,6.0,0.0,142857.1429,47619.04762,42.0,0.0,42.0,42,0,0.0,0.0,0,0.0,0.0,0.0,0.0,0,0.0,0,0,0,0,40.0,20.0,23809.52381,23809.52381,0,6,2.0,3.4641016,12.0,0,0,0,1,0,0,0,0,1,3.0,0.0,6.0,40.0,0,0,0,0,0,0,1,0,1,6.0,29200,0,0,40,0.0,0.0,0.0,0.0,0.0,0.0,0,0
PortScan,1,1277,62.0,1,1,2,6.0,2,2,2.0,0.0,6,6,6.0,0.0,129032.2581,32258.06452,62.0,0.0,62.0,62,0,0.0,0.0,0,0.0,0.0,0.0,0.0,0,0.0,0,0,0,0,24.0,20.0,16129.03226,16129.03226,2,6,3.3333333,2.309401,5.333333333,0,0,0,1,0,0,0,0,1,5.0,2.0,6.0,24.0,0,0,0,0,0,0,1,2,1,6.0,1024,0,0,24,0.0,0.0,0.0,0.0,0.0,0.0,0,0
PortScan,1,6004,37.0,1,1,2,6.0,2,2,2.0,0.0,6,6,6.0,0.0,216216.2162,54054.05405,37.0,0.0,37.0,37,0,0.0,0.0,0,0.0,0.0,0.0,0.0,0,0.0,0,0,0,0,24.0,20.0,27027.02703,27027.02703,2,6,3.3333333,2.309401,5.333333333,0,0,0,1,0,0,0,0,1,5.0,2.0,6.0,24.0,0,0,0,0,0,0,1,2,1,6.0,1024,0,0,24,0.0,0.0,0.0,0.0,0.0,0.0,0,0
PortScan,1,6666,77.0,1,1,2,6.0,2,2,2.0,0.0,6,6,6.0,0.0,103896.1039,25974.02597,77.0,0.0,77.0,77,0,0.0,0.0,0,0.0,0.0,0.0,0.0,0,0.0,0,0,0,0,24.0,20.0,12987.01299,12987.01299,2,6,3.3333333,2.309401,5.333333333,0,0,0,1,0,0,0,0,1,5.0,2.0,6.0,24.0,0,0,0,0,0,0,1,2,1,6.0,1024,0,0,24,0.0,0.0,0.0,0.0,0.0,0.0,0,0
PortScan,1,9110,44.0,1,1,0,6.0,0,0,0.0,0.0,6,6,6.0,0.0,136363.6364,45454.54545,44.0,0.0,44.0,44,0,0.0,0.0,0,0.0,0.0,0.0,0.0,0,0.0,0,0,0,0,40.0,20.0,22727.27273,22727.27273,0,6,2.0,3.4641016,12.0,0,0,0,1,0,0,0,0,1,3.0,0.0,6.0,40.0,0,0,0,0,0,0,1,0,1,6.0,29200,0,0,40,0.0,0.0,0.0,0.0,0.0,0.0,0,0
PortScan,1,7200,50.0,1,1,2,6.0,2,2,2.0,0.0,6,6,6.0,0.0,160000.0,40000.0,50.0,0.0,50.0,50,0,0.0,0.0,0,0.0,0.0,0.0,0.0,0,0.0,0,0,0,0,24.0,20.0,20000.0,20000.0,2,6,3.3333333,2.309401,5.333333333,0,0,0,1,0,0,0,0,1,5.0,2.0,6.0,24.0,0,0,0,0,0,0,1,2,1,6.0,1024,0,0,24,0.0,0.0,0.0,0.0,0.0,0.0,0,0
PortScan,1,2040,5.0,1,1,2,6.0,2,2,2.0,0.0,6,6,6.0,0.0,1600000.0,400000.0,5.0,0.0,5.0,5,0,0.0,0.0,0,0.0,0.0,0.0,0.0,0,0.0,0,0,0,0,24.0,20.0,200000.0,200000.0,2,6,3.3333333,2.309401,5.333333333,0,0,0,1,0,0,0,0,1,5.0,2.0,6.0,24.0,0,0,0,0,0,0,1,2,1,6.0,1024,0,0,24,0.0,0.0,0.0,0.0,0.0,0.0,0,0
PortScan,1,616,63.0,1,1,0,6.0,0,0,0.0,0.0,6,6,6.0,0.0,95238.09524,31746.03175,63.0,0.0,63.0,63,0,0.0,0.0,0,0.0,0.0,0.0,0.0,0,0.0,0,0,0,0,40.0,20.0,15873.01587,15873.01587,0,6,2.0,3.4641016,12.0,0,0,0,1,0,0,0,0,1,3.0,0.0,6.0,40.0,0,0,0,0,0,0,1,0,1,6.0,29200,0,0,40,0.0,0.0,0.0,0.0,0.0,0.0,0,0
PortScan,1,51493,61.0,1,1,0,6.0,0,0,0.0,0.0,6,6,6.0,0.0,98360.65574,32786.88525,61.0,0.0,61.0,61,0,0.0,0.0,0,0.0,0.0,0.0,0.0,0,0.0,0,0,0,0,40.0,20.0,16393.44262,16393.44262,0,6,2.0,3.4641016,12.0,0,0,0,1,0,0,0,0,1,3.0,0.0,6.0,40.0,0,0,0,0,0,0,1,0,1,6.0,29200,0,0,40,0.0,0.0,0.0,0.0,0.0,0.0,0,0
PortScan,1,32,16.0,1,1,0,6.0,0,0,0.0,0.0,6,6,6.0,0.0,375000.0,125000.0,16.0,0.0,16.0,16,0,0.0,0.0,0,0.0,0.0,0.0,0.0,0,0.0,0,0,0,0,40.0,20.0,62500.0,62500.0,0,6,2.0,3.4641016,12.0,0,0,0,1,0,0,0,0,1,3.0,0.0,6.0,40.0,0,0,0,0,0,0,1,0,1,6.0,29200,0,0,40,0.0,0.0,0.0,0.0,0.0,0.0,0,0
PortScan,1,1719,19.0,1,1,2,6.0,2,2,2.0,0.0,6,6,6.0,0.0,421052.6316,105263.1579,19.0,0.0,19.0,19,0,0.0,0.0,0,0.0,0.0,0.0,0.0,0,0.0,0,0,0,0,24.0,20.0,52631.57895,52631.57895,2,6,3.3333333,2.309401,5.333333333,0,0,0,1,0,0,0,0,1,5.0,2.0,6.0,24.0,0,0,0,0,0,0,1,2,1,6.0,1024,0,0,24,0.0,0.0,0.0,0.0,0.0,0.0,0,0
PortScan,1,2161,46.0,1,1,2,6.0,2,2,2.0,0.0,6,6,6.0,0.0,173913.0435,43478.26087,46.0,0.0,46.0,46,0,0.0,0.0,0,0.0,0.0,0.0,0.0,0,0.0,0,0,0,0,24.0,20.0,21739.13043,21739.13043,2,6,3.3333333,2.309401,5.333333333,0,0,0,1,0,0,0,0,1,5.0,2.0,6.0,24.0,0,0,0,0,0,0,1,2,1,6.0,1024,0,0,24,0.0,0.0,0.0,0.0,0.0,0.0,0,0
